"Id","Class","Label","Direction","Intersection"
"ABLIM2","gene","ABLIM2","Down-regulated","CMV_eg_AND_HIV_eg"
"ACOX2","gene","ACOX2","Down-regulated","CMV_eg_AND_CMV_T"
"ACTG2","gene","ACTG2","Down-regulated","CMV_eg_AND_HIV_eg"
"ADAMTS7","gene","ADAMTS7","Down-regulated","CMV_eg_AND_HIV_eg"
"ADAMTSL3","gene","ADAMTSL3","Down-regulated","CMV_eg_AND_HIV_eg"
"ADGRA2","gene","ADGRA2","Down-regulated","CMV_eg_AND_HIV_eg"
"AGT","gene","AGT","Down-regulated","CMV_eg"
"AGTR1","Placenta_179","AGTR1","Down-regulated","CMV_eg"
"AHNAK2","gene","AHNAK2","Down-regulated","CMV_eg_AND_HIV_eg"
"AKAP6","gene","AKAP6","Down-regulated","CMV_eg_AND_HIV_eg"
"AMH","gene","AMH","Down-regulated","CMV_eg"
"ANGPT4","gene","ANGPT4","Down-regulated","CMV_eg_AND_HIV_eg"
"AOC3","gene","AOC3","Down-regulated","CMV_eg_AND_HIV_eg"
"APLP1","gene","APLP1","Down-regulated","CMV_eg_AND_HIV_eg"
"AQP1","gene","AQP1","Down-regulated","CMV_eg_AND_HIV_eg"
"ARG1","gene","ARG1","Down-regulated","CMV_eg"
"ARHGAP28","Placenta_47","ARHGAP28","Down-regulated","CMV_eg"
"ARHGDIG","gene","ARHGDIG","Down-regulated","CMV_eg"
"ARHGEF33","gene","ARHGEF33","Down-regulated","CMV_eg"
"ART4","gene","ART4","Down-regulated","CMV_eg_AND_HIV_T"
"ASPN","gene","ASPN","Down-regulated","CMV_eg_AND_CMV_T_AND_HIV_eg_AND_HIV_T"
"ATG9B","Placenta_179","ATG9B","Down-regulated","CMV_eg_AND_HIV_eg"
"ATP12A","Placenta_47","ATP12A","Down-regulated","CMV_eg"
"ATP6V1B1","gene","ATP6V1B1","Down-regulated","CMV_eg_AND_HIV_eg"
"ATP6V1C2","gene","ATP6V1C2","Down-regulated","CMV_eg_AND_HIV_eg"
"BARX2","gene","BARX2","Down-regulated","CMV_eg"
"BCAM","gene","BCAM","Down-regulated","CMV_eg_AND_HIV_eg"
"BMP5","Placenta_67","BMP5","Down-regulated","CMV_eg_AND_HIV_eg"
"C11orf86","gene","C11orf86","Down-regulated","CMV_eg_AND_HIV_eg"
"C1QTNF3","gene","C1QTNF3","Down-regulated","CMV_eg_AND_HIV_eg"
"C4B_2","gene","C4B_2","Down-regulated","CMV_eg"
"C7","gene","C7","Down-regulated","CMV_eg_AND_HIV_eg"
"CADM3","gene","CADM3","Down-regulated","CMV_eg_AND_HIV_eg"
"CCN5","gene","CCN5","Down-regulated","CMV_eg_AND_HIV_eg"
"CCN6","gene","CCN6","Down-regulated","CMV_eg"
"CDON","gene","CDON","Down-regulated","CMV_eg_AND_HIV_eg"
"CHAT","Placenta_179","CHAT","Down-regulated","CMV_eg_AND_HIV_eg"
"CHRNA3","gene","CHRNA3","Down-regulated","CMV_eg"
"CKMT1A","gene","CKMT1A","Down-regulated","CMV_eg_AND_HIV_eg"
"CLCNKA","gene","CLCNKA","Down-regulated","CMV_eg"
"CNTFR","gene","CNTFR","Down-regulated","CMV_eg_AND_HIV_eg"
"CNTN6","gene","CNTN6","Down-regulated","CMV_eg_AND_CMV_T_AND_HIV_eg_AND_HIV_T"
"CNTNAP2","gene","CNTNAP2","Down-regulated","CMV_eg"
"COL11A1","Placenta_179","COL11A1","Down-regulated","CMV_eg_AND_HIV_eg_AND_HIV_T"
"COL14A1","gene","COL14A1","Down-regulated","CMV_eg_AND_HIV_eg"
"COL15A1","Placenta_179","COL15A1","Down-regulated","CMV_eg_AND_HIV_eg"
"COL16A1","gene","COL16A1","Down-regulated","CMV_eg_AND_HIV_eg"
"COL1A1","gene","COL1A1","Down-regulated","CMV_eg_AND_HIV_eg"
"COL1A2","gene","COL1A2","Down-regulated","CMV_eg_AND_HIV_eg"
"COL21A1","Placenta_179","COL21A1","Down-regulated","CMV_eg_AND_HIV_eg_AND_HIV_T"
"COL3A1","Placenta_179","COL3A1","Down-regulated","CMV_eg_AND_HIV_eg"
"COL5A1","gene","COL5A1","Down-regulated","CMV_eg_AND_HIV_eg"
"COL5A2","gene","COL5A2","Down-regulated","CMV_eg_AND_HIV_eg"
"COL6A6","gene","COL6A6","Down-regulated","CMV_eg_AND_HIV_eg"
"COL9A3","gene","COL9A3","Down-regulated","CMV_eg_AND_HIV_eg"
"COX4I2","Placenta_179","COX4I2","Down-regulated","CMV_eg"
"CPA1","gene","CPA1","Down-regulated","CMV_eg_AND_HIV_eg"
"CPN2","gene","CPN2","Down-regulated","CMV_eg_AND_HIV_eg"
"CRABP1","gene","CRABP1","Down-regulated","CMV_eg_AND_HIV_eg"
"CRB2","gene","CRB2","Down-regulated","CMV_eg"
"CST2","gene","CST2","Down-regulated","CMV_eg"
"CYP2W1","gene","CYP2W1","Down-regulated","CMV_eg_AND_HIV_eg"
"CYTL1","Placenta_179","CYTL1","Down-regulated","CMV_eg"
"DLK1","Placenta_47","DLK1","Down-regulated","CMV_eg_AND_HIV_eg"
"DRD1","gene","DRD1","Down-regulated","CMV_eg"
"DRD2","gene","DRD2","Down-regulated","CMV_eg_AND_HIV_eg"
"DUSP9","Placenta_47","DUSP9","Down-regulated","CMV_eg_AND_HIV_eg"
"ECRG4","gene","ECRG4","Down-regulated","CMV_eg_AND_CMV_T_AND_HIV_eg_AND_HIV_T"
"EDN3","gene","EDN3","Down-regulated","CMV_eg_AND_HIV_eg"
"EGFL6","Placenta_67","EGFL6","Down-regulated","CMV_eg_AND_HIV_eg"
"ELOVL2","Placenta_179","ELOVL2","Down-regulated","CMV_eg_AND_HIV_eg"
"EMID1","gene","EMID1","Down-regulated","CMV_eg"
"EPHA3","gene","EPHA3","Down-regulated","CMV_eg_AND_HIV_eg_AND_HIV_T"
"EPN3","gene","EPN3","Down-regulated","CMV_eg"
"FBN2","Placenta_67","FBN2","Down-regulated","CMV_eg_AND_HIV_eg"
"FGA","gene","FGA","Down-regulated","CMV_eg_AND_HIV_eg"
"FGB","gene","FGB","Down-regulated","CMV_eg_AND_HIV_T"
"FGFR2","gene","FGFR2","Down-regulated","CMV_eg_AND_HIV_eg"
"FGFR3","gene","FGFR3","Down-regulated","CMV_eg_AND_HIV_eg"
"FIBIN","gene","FIBIN","Down-regulated","CMV_eg_AND_HIV_eg"
"FILIP1","gene","FILIP1","Down-regulated","CMV_eg_AND_HIV_eg"
"FOXF1","gene","FOXF1","Down-regulated","CMV_eg"
"FOXI3","Placenta_47","FOXI3","Down-regulated","CMV_eg_AND_HIV_eg"
"FREM2","gene","FREM2","Down-regulated","CMV_eg_AND_HIV_eg"
"FRZB","gene","FRZB","Down-regulated","CMV_eg_AND_HIV_eg"
"FSIP2","gene","FSIP2","Down-regulated","CMV_eg"
"GALNT18","gene","GALNT18","Down-regulated","CMV_eg"
"GATA4","gene","GATA4","Down-regulated","CMV_eg_AND_HIV_eg"
"GDF6","Placenta_179","GDF6","Down-regulated","CMV_eg_AND_HIV_eg"
"GJA4","gene","GJA4","Down-regulated","CMV_eg_AND_HIV_eg"
"GLP2R","gene","GLP2R","Down-regulated","CMV_eg"
"GPBAR1","gene","GPBAR1","Down-regulated","CMV_eg"
"GPC3","Placenta_67","GPC3","Down-regulated","CMV_eg_AND_HIV_eg"
"GPLD1","gene","GPLD1","Down-regulated","CMV_eg_AND_HIV_eg"
"GUCY1A1","gene","GUCY1A1","Down-regulated","CMV_eg"
"GYG2","gene","GYG2","Down-regulated","CMV_eg"
"H4C11","gene","H4C11","Down-regulated","CMV_eg_AND_HIV_eg"
"HGF","Placenta_67","HGF","Down-regulated","CMV_eg_AND_HIV_eg"
"HIF3A","gene","HIF3A","Down-regulated","CMV_eg_AND_HIV_eg"
"HMCN1","gene","HMCN1","Down-regulated","CMV_eg_AND_HIV_eg"
"HOXA13","Placenta_179","HOXA13","Down-regulated","CMV_eg_AND_HIV_eg"
"HSD17B2","Placenta_47","HSD17B2","Down-regulated","CMV_eg_AND_HIV_eg"
"HSD17B6","gene","HSD17B6","Down-regulated","CMV_eg"
"HSF2BP","gene","HSF2BP","Down-regulated","CMV_eg"
"IGDCC4","gene","IGDCC4","Down-regulated","CMV_eg_AND_HIV_eg"
"INMT","gene","INMT","Down-regulated","CMV_eg_AND_HIV_eg"
"INSYN1","gene","INSYN1","Down-regulated","CMV_eg_AND_HIV_eg"
"IP6K3","gene","IP6K3","Down-regulated","CMV_eg_AND_HIV_eg"
"IQCN","gene","IQCN","Down-regulated","CMV_eg_AND_HIV_eg"
"ITGA11","gene","ITGA11","Down-regulated","CMV_eg_AND_HIV_eg"
"KCNA4","gene","KCNA4","Down-regulated","CMV_eg_AND_HIV_eg_AND_HIV_T"
"KCNB1","gene","KCNB1","Down-regulated","CMV_eg"
"KCNH2","gene","KCNH2","Down-regulated","CMV_eg_AND_HIV_T"
"LAMA2","Placenta_179","LAMA2","Down-regulated","CMV_eg_AND_HIV_eg"
"LAMC3","Placenta_179","LAMC3","Down-regulated","CMV_eg_AND_HIV_eg"
"LARGE2","Placenta_179","LARGE2","Down-regulated","CMV_eg_AND_HIV_eg"
"LDB3","gene","LDB3","Down-regulated","CMV_eg_AND_HIV_T"
"LEFTY2","gene","LEFTY2","Down-regulated","CMV_eg_AND_HIV_eg"
"LGR4","gene","LGR4","Down-regulated","CMV_eg_AND_HIV_eg"
"LGR5","Placenta_179","LGR5","Down-regulated","CMV_eg_AND_HIV_eg"
"LINGO1","gene","LINGO1","Down-regulated","CMV_eg"
"LOC105373989","gene","LOC105373989","Down-regulated","CMV_eg"
"LOC112267876","gene","LOC112267876","Down-regulated","CMV_eg_AND_HIV_eg"
"LOC401040","gene","LOC401040","Down-regulated","CMV_eg"
"LOC728392","gene","LOC728392","Down-regulated","CMV_eg"
"LOXL1","gene","LOXL1","Down-regulated","CMV_eg_AND_HIV_eg"
"LRP2","gene","LRP2","Down-regulated","CMV_eg_AND_HIV_eg"
"LRP5","gene","LRP5","Down-regulated","CMV_eg"
"LRRN3","gene","LRRN3","Down-regulated","CMV_eg"
"LTBP2","gene","LTBP2","Down-regulated","CMV_eg_AND_CMV_T"
"MAGED4B","gene","MAGED4B","Down-regulated","CMV_eg"
"MAP7D2","gene","MAP7D2","Down-regulated","CMV_eg"
"MAPK4","gene","MAPK4","Down-regulated","CMV_eg"
"MATN2","gene","MATN2","Down-regulated","CMV_eg_AND_HIV_eg"
"MBNL3","Placenta_179","MBNL3","Down-regulated","CMV_eg_AND_CMV_T"
"MEOX2","Placenta_179","MEOX2","Down-regulated","CMV_eg_AND_HIV_eg"
"METTL27","gene","METTL27","Down-regulated","CMV_eg_AND_HIV_eg"
"MMP23B","gene","MMP23B","Down-regulated","CMV_eg_AND_HIV_eg"
"MPDZ","gene","MPDZ","Down-regulated","CMV_eg_AND_HIV_eg"
"MPP2","gene","MPP2","Down-regulated","CMV_eg_AND_HIV_eg"
"MXRA5","gene","MXRA5","Down-regulated","CMV_eg"
"MYL3","gene","MYL3","Down-regulated","CMV_eg"
"NDUFA4L2","gene","NDUFA4L2","Down-regulated","CMV_eg_AND_HIV_eg"
"NEURL1B","gene","NEURL1B","Down-regulated","CMV_eg"
"NKAIN4","gene","NKAIN4","Down-regulated","CMV_eg_AND_HIV_eg"
"NOTCH3","gene","NOTCH3","Down-regulated","CMV_eg"
"NPNT","gene","NPNT","Down-regulated","CMV_eg_AND_HIV_eg"
"NR2F1","gene","NR2F1","Down-regulated","CMV_eg_AND_HIV_eg"
"NT5C1A","gene","NT5C1A","Down-regulated","CMV_eg"
"ODAD3","gene","ODAD3","Down-regulated","CMV_eg"
"OGN","gene","OGN","Down-regulated","CMV_eg_AND_HIV_eg"
"OLFML1","gene","OLFML1","Down-regulated","CMV_eg"
"OLFML2A","gene","OLFML2A","Down-regulated","CMV_eg_AND_HIV_eg"
"OSR1","gene","OSR1","Down-regulated","CMV_eg"
"PABPC4L","Placenta_179","PABPC4L","Down-regulated","CMV_eg"
"PCDHA12","gene","PCDHA12","Down-regulated","CMV_eg_AND_HIV_eg"
"PCDHB13","gene","PCDHB13","Down-regulated","CMV_eg"
"PCDHB7","gene","PCDHB7","Down-regulated","CMV_eg"
"PCDHGA5","gene","PCDHGA5","Down-regulated","CMV_eg"
"PCDHGA6","gene","PCDHGA6","Down-regulated","CMV_eg_AND_HIV_eg"
"PCDHGA7","gene","PCDHGA7","Down-regulated","CMV_eg"
"PCDHGA8","gene","PCDHGA8","Down-regulated","CMV_eg"
"PCDHGB1","gene","PCDHGB1","Down-regulated","CMV_eg_AND_HIV_eg"
"PDE3A","gene","PDE3A","Down-regulated","CMV_eg_AND_HIV_eg"
"PDLIM3","gene","PDLIM3","Down-regulated","CMV_eg"
"PDZRN4","gene","PDZRN4","Down-regulated","CMV_eg_AND_HIV_eg_AND_HIV_T"
"PEAR1","gene","PEAR1","Down-regulated","CMV_eg"
"PEG10","Placenta_179","PEG10","Down-regulated","CMV_eg_AND_HIV_eg"
"PEG3","Placenta_179","PEG3","Down-regulated","CMV_eg_AND_HIV_eg"
"PHEX","gene","PHEX","Down-regulated","CMV_eg_AND_HIV_eg"
"PHOSPHO2-KLHL23","gene","PHOSPHO2-KLHL23","Down-regulated","CMV_eg"
"PI16","gene","PI16","Down-regulated","CMV_eg"
"PITX1","gene","PITX1","Down-regulated","CMV_eg_AND_HIV_eg"
"PITX2","Placenta_179","PITX2","Down-regulated","CMV_eg_AND_HIV_eg_AND_HIV_T"
"PKNOX2","gene","PKNOX2","Down-regulated","CMV_eg_AND_HIV_T"
"PKP1","gene","PKP1","Down-regulated","CMV_eg"
"PLA2G2A","Placenta_47","PLA2G2A","Down-regulated","CMV_eg_AND_HIV_eg"
"PLA2G5","gene","PLA2G5","Down-regulated","CMV_eg_AND_HIV_eg"
"PLCE1","gene","PLCE1","Down-regulated","CMV_eg_AND_HIV_eg"
"PLEKHG1","gene","PLEKHG1","Down-regulated","CMV_eg_AND_HIV_eg"
"PLIN1","gene","PLIN1","Down-regulated","CMV_eg_AND_HIV_eg"
"PODNL1","gene","PODNL1","Down-regulated","CMV_eg_AND_HIV_eg"
"PPFIA4","gene","PPFIA4","Down-regulated","CMV_eg"
"PRCD","gene","PRCD","Down-regulated","CMV_eg"
"PRDM6","gene","PRDM6","Down-regulated","CMV_eg_AND_HIV_eg"
"PRELP","gene","PRELP","Down-regulated","CMV_eg_AND_HIV_eg"
"PRL","gene","PRL","Down-regulated","CMV_eg_AND_HIV_eg"
"PRRT2","gene","PRRT2","Down-regulated","CMV_eg"
"PRSS12","gene","PRSS12","Down-regulated","CMV_eg_AND_HIV_eg"
"PRSS35","gene","PRSS35","Down-regulated","CMV_eg"
"PTCH1","gene","PTCH1","Down-regulated","CMV_eg"
"PTPRD","gene","PTPRD","Down-regulated","CMV_eg_AND_HIV_eg"
"PTPRT","gene","PTPRT","Down-regulated","CMV_eg"
"RANBP3L","gene","RANBP3L","Down-regulated","CMV_eg_AND_HIV_eg"
"RNF39","gene","RNF39","Down-regulated","CMV_eg_AND_HIV_eg"
"ROBO2","gene","ROBO2","Down-regulated","CMV_eg"
"RSPO2","Placenta_179","RSPO2","Down-regulated","CMV_eg_AND_HIV_eg"
"RTL1","Placenta_179","RTL1","Down-regulated","CMV_eg"
"RYR2","gene","RYR2","Down-regulated","CMV_eg"
"SAXO2","gene","SAXO2","Down-regulated","CMV_eg"
"SBSPON","gene","SBSPON","Down-regulated","CMV_eg_AND_HIV_eg"
"SCGN","gene","SCGN","Down-regulated","CMV_eg"
"SCN7A","gene","SCN7A","Down-regulated","CMV_eg_AND_HIV_eg"
"SCRG1","gene","SCRG1","Down-regulated","CMV_eg"
"SCUBE3","gene","SCUBE3","Down-regulated","CMV_eg"
"SEMA3F","gene","SEMA3F","Down-regulated","CMV_eg"
"SEMA3G","gene","SEMA3G","Down-regulated","CMV_eg_AND_HIV_eg"
"SEMA4G","gene","SEMA4G","Down-regulated","CMV_eg"
"SEMA6D","Placenta_179","SEMA6D","Down-regulated","CMV_eg_AND_HIV_eg"
"SEZ6L2","gene","SEZ6L2","Down-regulated","CMV_eg_AND_HIV_eg"
"SFTPD","gene","SFTPD","Down-regulated","CMV_eg"
"SGCA","gene","SGCA","Down-regulated","CMV_eg"
"SGCD","gene","SGCD","Down-regulated","CMV_eg_AND_HIV_eg"
"SH3GL3","gene","SH3GL3","Down-regulated","CMV_eg"
"SLC12A3","gene","SLC12A3","Down-regulated","CMV_eg"
"SLC16A12","gene","SLC16A12","Down-regulated","CMV_eg"
"SLC18A3","gene","SLC18A3","Down-regulated","CMV_eg"
"SLC22A11","Placenta_47","SLC22A11","Down-regulated","CMV_eg_AND_HIV_eg"
"SLC38A4","gene","SLC38A4","Down-regulated","CMV_eg_AND_HIV_eg"
"SLC52A1","Placenta_47","SLC52A1","Down-regulated","CMV_eg"
"SLC5A12","gene","SLC5A12","Down-regulated","CMV_eg_AND_HIV_eg"
"SLC6A4","Placenta_47","SLC6A4","Down-regulated","CMV_eg_AND_HIV_eg_AND_HIV_T"
"SLIT3","gene","SLIT3","Down-regulated","CMV_eg_AND_HIV_eg"
"SORBS2","gene","SORBS2","Down-regulated","CMV_eg_AND_HIV_eg"
"SOX6","gene","SOX6","Down-regulated","CMV_eg_AND_HIV_eg"
"SPEG","gene","SPEG","Down-regulated","CMV_eg_AND_HIV_eg"
"SPON1","gene","SPON1","Down-regulated","CMV_eg_AND_HIV_eg"
"STAC2","gene","STAC2","Down-regulated","CMV_eg_AND_HIV_eg"
"SUSD2","gene","SUSD2","Down-regulated","CMV_eg_AND_HIV_eg"
"SVEP1","Placenta_179","SVEP1","Down-regulated","CMV_eg_AND_HIV_eg"
"SYCE1","gene","SYCE1","Down-regulated","CMV_eg_AND_HIV_eg"
"TAFA4","gene","TAFA4","Down-regulated","CMV_eg"
"TBC1D3I","gene","TBC1D3I","Down-regulated","CMV_eg"
"TBX20","gene","TBX20","Down-regulated","CMV_eg_AND_HIV_eg"
"TBX4","Placenta_179","TBX4","Down-regulated","CMV_eg_AND_HIV_eg"
"TBX5","Placenta_179","TBX5","Down-regulated","CMV_eg_AND_HIV_eg"
"TCF21","Placenta_179","TCF21","Down-regulated","CMV_eg_AND_HIV_eg"
"TCN1","gene","TCN1","Down-regulated","CMV_eg"
"TET1","gene","TET1","Down-regulated","CMV_eg"
"TFAP2A","gene","TFAP2A","Down-regulated","CMV_eg"
"TKTL1","gene","TKTL1","Down-regulated","CMV_eg"
"TMEM100","gene","TMEM100","Down-regulated","CMV_eg"
"TMEM130","gene","TMEM130","Down-regulated","CMV_eg_AND_HIV_eg"
"TMEM151A","gene","TMEM151A","Down-regulated","CMV_eg"
"TMEM179","gene","TMEM179","Down-regulated","CMV_eg_AND_HIV_eg"
"TMEM59L","gene","TMEM59L","Down-regulated","CMV_eg_AND_HIV_eg"
"TMEM88B","gene","TMEM88B","Down-regulated","CMV_eg_AND_HIV_eg"
"TNNC1","gene","TNNC1","Down-regulated","CMV_eg_AND_HIV_eg"
"TNNT2","gene","TNNT2","Down-regulated","CMV_eg"
"TPH1","gene","TPH1","Down-regulated","CMV_eg"
"VAT1L","gene","VAT1L","Down-regulated","CMV_eg_AND_HIV_eg"
"VTN","gene","VTN","Down-regulated","CMV_eg"
"WFDC1","Placenta_179","WFDC1","Down-regulated","CMV_eg_AND_HIV_eg"
"WNT1","gene","WNT1","Down-regulated","CMV_eg"
"WNT3A","Placenta_67","WNT3A","Down-regulated","CMV_eg"
"ZNF423","gene","ZNF423","Down-regulated","CMV_eg_AND_HIV_eg"
"AAAS","gene","AAAS","Down-regulated","CMV_T"
"AADACL2","gene","AADACL2","Down-regulated","CMV_T_AND_HIV_T"
"ABCC5","gene","ABCC5","Down-regulated","CMV_T"
"ABHD2","gene","ABHD2","Down-regulated","CMV_T"
"ACER3","gene","ACER3","Down-regulated","CMV_T"
"ACOX1","gene","ACOX1","Down-regulated","CMV_T"
"ACTN1","gene","ACTN1","Down-regulated","CMV_T"
"ADAM10","gene","ADAM10","Down-regulated","CMV_T"
"ADAM28","gene","ADAM28","Down-regulated","CMV_T"
"ADK","gene","ADK","Down-regulated","CMV_T"
"AHNAK","gene","AHNAK","Down-regulated","CMV_T"
"AK1","gene","AK1","Down-regulated","CMV_T"
"ALDH1A2","gene","ALDH1A2","Down-regulated","CMV_T"
"ALKBH7","gene","ALKBH7","Down-regulated","CMV_T"
"AMPD2","gene","AMPD2","Down-regulated","CMV_T"
"AMZ2","gene","AMZ2","Down-regulated","CMV_T"
"ANAPC16","gene","ANAPC16","Down-regulated","CMV_T"
"ANKMY1","gene","ANKMY1","Down-regulated","CMV_T"
"ANKRD16","gene","ANKRD16","Down-regulated","CMV_T"
"ANXA9","gene","ANXA9","Down-regulated","CMV_T"
"APPL2","gene","APPL2","Down-regulated","CMV_T"
"ARHGAP4","gene","ARHGAP4","Down-regulated","CMV_T"
"ARHGAP6","gene","ARHGAP6","Down-regulated","CMV_T"
"ARL3","gene","ARL3","Down-regulated","CMV_T"
"ATP2B4","gene","ATP2B4","Down-regulated","CMV_T"
"ATP6AP2","gene","ATP6AP2","Down-regulated","CMV_T"
"ATP9B","gene","ATP9B","Down-regulated","CMV_T"
"ATPSCKMT","gene","ATPSCKMT","Down-regulated","CMV_T"
"C1orf35","gene","C1orf35","Down-regulated","CMV_T"
"CABLES1","gene","CABLES1","Down-regulated","CMV_T"
"CALM2","gene","CALM2","Down-regulated","CMV_T"
"CALU","gene","CALU","Down-regulated","CMV_T"
"CAMK1","gene","CAMK1","Down-regulated","CMV_T"
"CAMKK1","gene","CAMKK1","Down-regulated","CMV_T"
"CASS4","gene","CASS4","Down-regulated","CMV_T"
"CBX5","gene","CBX5","Down-regulated","CMV_T"
"CCDC57","gene","CCDC57","Down-regulated","CMV_T"
"CCDC9B","gene","CCDC9B","Down-regulated","CMV_T"
"CCNI","gene","CCNI","Down-regulated","CMV_T"
"CCNY","gene","CCNY","Down-regulated","CMV_T"
"CD163L1","gene","CD163L1","Down-regulated","CMV_T"
"CD180","gene","CD180","Down-regulated","CMV_T"
"CD28","Placenta_47","CD28","Down-regulated","CMV_T"
"CD300LB","gene","CD300LB","Down-regulated","CMV_T"
"CD302","gene","CD302","Down-regulated","CMV_T"
"CD36","gene","CD36","Down-regulated","CMV_T"
"CDA","gene","CDA","Down-regulated","CMV_T"
"CDK6","gene","CDK6","Down-regulated","CMV_T"
"CEBPZOS","gene","CEBPZOS","Down-regulated","CMV_T"
"CELSR1","gene","CELSR1","Down-regulated","CMV_T"
"CERK","gene","CERK","Down-regulated","CMV_T"
"CHP1","gene","CHP1","Down-regulated","CMV_T"
"CIDEB","gene","CIDEB","Down-regulated","CMV_T"
"CLCN5","gene","CLCN5","Down-regulated","CMV_T"
"CLEC5A","gene","CLEC5A","Down-regulated","CMV_T"
"CNRIP1","gene","CNRIP1","Down-regulated","CMV_T"
"COLEC12","gene","COLEC12","Down-regulated","CMV_T"
"COTL1","gene","COTL1","Down-regulated","CMV_T"
"CPOX","gene","CPOX","Down-regulated","CMV_T"
"CR1","gene","CR1","Down-regulated","CMV_T"
"CSF1R","Placenta_179","CSF1R","Down-regulated","CMV_T"
"CTDSP1","gene","CTDSP1","Down-regulated","CMV_T"
"CXCR4","gene","CXCR4","Down-regulated","CMV_T_AND_HIV_T"
"CXXC5","gene","CXXC5","Down-regulated","CMV_T"
"CYGB","gene","CYGB","Down-regulated","CMV_T"
"CYP27A1","gene","CYP27A1","Down-regulated","CMV_T"
"DAB2","Placenta_179","DAB2","Down-regulated","CMV_T"
"DBNDD2","gene","DBNDD2","Down-regulated","CMV_T"
"DDAH2","gene","DDAH2","Down-regulated","CMV_T"
"DEPTOR","gene","DEPTOR","Down-regulated","CMV_T"
"DFFA","gene","DFFA","Down-regulated","CMV_T"
"DHCR24","gene","DHCR24","Down-regulated","CMV_T"
"DIP2C","gene","DIP2C","Down-regulated","CMV_T"
"DNAAF9","gene","DNAAF9","Down-regulated","CMV_T"
"DNAJC10","gene","DNAJC10","Down-regulated","CMV_T"
"DNAJC3","gene","DNAJC3","Down-regulated","CMV_T"
"DPM3","gene","DPM3","Down-regulated","CMV_T"
"DTWD1","gene","DTWD1","Down-regulated","CMV_T"
"DYNC2H1","gene","DYNC2H1","Down-regulated","CMV_T"
"DYRK2","gene","DYRK2","Down-regulated","CMV_T"
"ECM2","gene","ECM2","Down-regulated","CMV_T"
"EIF3L","gene","EIF3L","Down-regulated","CMV_T"
"EIF4EBP1","gene","EIF4EBP1","Down-regulated","CMV_T"
"EIF4G2","gene","EIF4G2","Down-regulated","CMV_T"
"EIF4G3","gene","EIF4G3","Down-regulated","CMV_T"
"ELL2","gene","ELL2","Down-regulated","CMV_T"
"EML3","gene","EML3","Down-regulated","CMV_T"
"EPB41L1","gene","EPB41L1","Down-regulated","CMV_T"
"ERGIC1","gene","ERGIC1","Down-regulated","CMV_T"
"EYA2","gene","EYA2","Down-regulated","CMV_T"
"FABP5","gene","FABP5","Down-regulated","CMV_T"
"FADS1","gene","FADS1","Down-regulated","CMV_T"
"FAM107B","gene","FAM107B","Down-regulated","CMV_T"
"FAM200B","gene","FAM200B","Down-regulated","CMV_T"
"FAM216A","gene","FAM216A","Down-regulated","CMV_T"
"FAM89B","gene","FAM89B","Down-regulated","CMV_T"
"FASN","gene","FASN","Down-regulated","CMV_T"
"FBP1","gene","FBP1","Down-regulated","CMV_T"
"FCHSD2","gene","FCHSD2","Down-regulated","CMV_T"
"FDPS","gene","FDPS","Down-regulated","CMV_T"
"FGD5","gene","FGD5","Down-regulated","CMV_T"
"FGL1","gene","FGL1","Down-regulated","CMV_T"
"FHOD1","gene","FHOD1","Down-regulated","CMV_T"
"FITM2","gene","FITM2","Down-regulated","CMV_T"
"FLNA","gene","FLNA","Down-regulated","CMV_T"
"FLRT2","gene","FLRT2","Down-regulated","CMV_T"
"FOXN3","gene","FOXN3","Down-regulated","CMV_T"
"FSCN1","gene","FSCN1","Down-regulated","CMV_T"
"GABPA","gene","GABPA","Down-regulated","CMV_T"
"GALNT11","gene","GALNT11","Down-regulated","CMV_T"
"GASK1B","gene","GASK1B","Down-regulated","CMV_T"
"GATD1","gene","GATD1","Down-regulated","CMV_T"
"GATM","gene","GATM","Down-regulated","CMV_T"
"GET1","gene","GET1","Down-regulated","CMV_T"
"GGTA1","gene","GGTA1","Down-regulated","CMV_T"
"GLIPR1","gene","GLIPR1","Down-regulated","CMV_T"
"GMCL1","gene","GMCL1","Down-regulated","CMV_T"
"GNAQ","gene","GNAQ","Down-regulated","CMV_T"
"GPR157","gene","GPR157","Down-regulated","CMV_T"
"GPR34","Placenta_179","GPR34","Down-regulated","CMV_T"
"GPRC5B","gene","GPRC5B","Down-regulated","CMV_T"
"GPRIN3","gene","GPRIN3","Down-regulated","CMV_T"
"GPX3","gene","GPX3","Down-regulated","CMV_T"
"GRAMD4","gene","GRAMD4","Down-regulated","CMV_T"
"GRIN2C","gene","GRIN2C","Down-regulated","CMV_T"
"GSN","gene","GSN","Down-regulated","CMV_T"
"H2AZ1","gene","H2AZ1","Down-regulated","CMV_T"
"H2AZ2","gene","H2AZ2","Down-regulated","CMV_T"
"H3-3A","gene","H3-3A","Down-regulated","CMV_T"
"HACD3","gene","HACD3","Down-regulated","CMV_T"
"HCFC1R1","gene","HCFC1R1","Down-regulated","CMV_T"
"HDAC4","gene","HDAC4","Down-regulated","CMV_T"
"HHEX","gene","HHEX","Down-regulated","CMV_T"
"HIP1","gene","HIP1","Down-regulated","CMV_T"
"HMG20B","gene","HMG20B","Down-regulated","CMV_T"
"HMGB1","gene","HMGB1","Down-regulated","CMV_T"
"HMGCR","gene","HMGCR","Down-regulated","CMV_T"
"HOOK3","gene","HOOK3","Down-regulated","CMV_T"
"HPCAL1","gene","HPCAL1","Down-regulated","CMV_T"
"HS2ST1","gene","HS2ST1","Down-regulated","CMV_T"
"HYAL2","gene","HYAL2","Down-regulated","CMV_T"
"IARS1","gene","IARS1","Down-regulated","CMV_T"
"ICMT","gene","ICMT","Down-regulated","CMV_T"
"ID2","gene","ID2","Down-regulated","CMV_T"
"IER5L","gene","IER5L","Down-regulated","CMV_T"
"IFT122","gene","IFT122","Down-regulated","CMV_T"
"IKBIP","gene","IKBIP","Down-regulated","CMV_T"
"IL13RA1","gene","IL13RA1","Down-regulated","CMV_T"
"IMPA2","gene","IMPA2","Down-regulated","CMV_T"
"INKA2","gene","INKA2","Down-regulated","CMV_T"
"INPPL1","gene","INPPL1","Down-regulated","CMV_T"
"ITGAV","gene","ITGAV","Down-regulated","CMV_T"
"IVNS1ABP","gene","IVNS1ABP","Down-regulated","CMV_T"
"JAML","gene","JAML","Down-regulated","CMV_T"
"JMJD8","gene","JMJD8","Down-regulated","CMV_T"
"KCND2","gene","KCND2","Down-regulated","CMV_T"
"KCNK6","gene","KCNK6","Down-regulated","CMV_T"
"KCTD12","gene","KCTD12","Down-regulated","CMV_T"
"KCTD20","gene","KCTD20","Down-regulated","CMV_T"
"KIAA0232","gene","KIAA0232","Down-regulated","CMV_T"
"KIAA0754","gene","KIAA0754","Down-regulated","CMV_T"
"KIF1C","gene","KIF1C","Down-regulated","CMV_T"
"KIFC2","gene","KIFC2","Down-regulated","CMV_T"
"KLHDC3","gene","KLHDC3","Down-regulated","CMV_T"
"KLHL22","gene","KLHL22","Down-regulated","CMV_T"
"LDHA","gene","LDHA","Down-regulated","CMV_T"
"LDLRAD4","gene","LDLRAD4","Down-regulated","CMV_T"
"LFNG","gene","LFNG","Down-regulated","CMV_T"
"LGALS12","gene","LGALS12","Down-regulated","CMV_T"
"LIMS1","gene","LIMS1","Down-regulated","CMV_T"
"LRFN4","gene","LRFN4","Down-regulated","CMV_T"
"LRP1","gene","LRP1","Down-regulated","CMV_T"
"LTA4H","gene","LTA4H","Down-regulated","CMV_T"
"LYRM7","gene","LYRM7","Down-regulated","CMV_T"
"MAF","gene","MAF","Down-regulated","CMV_T"
"MAN2A2","gene","MAN2A2","Down-regulated","CMV_T"
"MAOA","gene","MAOA","Down-regulated","CMV_T"
"MAP3K3","gene","MAP3K3","Down-regulated","CMV_T"
"MAPK14","gene","MAPK14","Down-regulated","CMV_T"
"MAPK3","gene","MAPK3","Down-regulated","CMV_T"
"MAVS","gene","MAVS","Down-regulated","CMV_T"
"MAZ","gene","MAZ","Down-regulated","CMV_T"
"MDFIC","gene","MDFIC","Down-regulated","CMV_T"
"MERTK","gene","MERTK","Down-regulated","CMV_T"
"METTL21A","gene","METTL21A","Down-regulated","CMV_T"
"METTL7A","gene","METTL7A","Down-regulated","CMV_T"
"MFSD3","gene","MFSD3","Down-regulated","CMV_T"
"MGAT5","gene","MGAT5","Down-regulated","CMV_T"
"MINDY2","gene","MINDY2","Down-regulated","CMV_T"
"MMD","gene","MMD","Down-regulated","CMV_T"
"MPI","gene","MPI","Down-regulated","CMV_T"
"MRC1","gene","MRC1","Down-regulated","CMV_T"
"MRO","gene","MRO","Down-regulated","CMV_T"
"MYC","gene","MYC","Down-regulated","CMV_T"
"MYG1","gene","MYG1","Down-regulated","CMV_T"
"NALCN","gene","NALCN","Down-regulated","CMV_T_AND_HIV_T"
"NAV1","gene","NAV1","Down-regulated","CMV_T"
"NCAPG2","gene","NCAPG2","Down-regulated","CMV_T"
"NECTIN4","gene","NECTIN4","Down-regulated","CMV_T"
"NMT2","gene","NMT2","Down-regulated","CMV_T"
"NRP1","gene","NRP1","Down-regulated","CMV_T"
"NT5DC2","gene","NT5DC2","Down-regulated","CMV_T"
"NTHL1","gene","NTHL1","Down-regulated","CMV_T"
"NUAK1","gene","NUAK1","Down-regulated","CMV_T"
"NUCKS1","gene","NUCKS1","Down-regulated","CMV_T"
"NUDT3","gene","NUDT3","Down-regulated","CMV_T"
"NUS1","gene","NUS1","Down-regulated","CMV_T"
"OLFML2B","gene","OLFML2B","Down-regulated","CMV_T"
"OR8G5","gene","OR8G5","Down-regulated","CMV_T"
"ORAI3","gene","ORAI3","Down-regulated","CMV_T"
"OTULINL","gene","OTULINL","Down-regulated","CMV_T"
"PAPSS2","gene","PAPSS2","Down-regulated","CMV_T"
"PC","gene","PC","Down-regulated","CMV_T"
"PCCA","gene","PCCA","Down-regulated","CMV_T"
"PCDHGC3","gene","PCDHGC3","Down-regulated","CMV_T"
"PCM1","gene","PCM1","Down-regulated","CMV_T"
"PCSK6","gene","PCSK6","Down-regulated","CMV_T"
"PCYOX1","gene","PCYOX1","Down-regulated","CMV_T"
"PCYT2","gene","PCYT2","Down-regulated","CMV_T"
"PDE2A","gene","PDE2A","Down-regulated","CMV_T"
"PDE3B","gene","PDE3B","Down-regulated","CMV_T"
"PDGFC","gene","PDGFC","Down-regulated","CMV_T"
"PDIA2","gene","PDIA2","Down-regulated","CMV_T_AND_HIV_T"
"PDK1","gene","PDK1","Down-regulated","CMV_T"
"PFDN5","gene","PFDN5","Down-regulated","CMV_T"
"PGA4","gene","PGA4","Down-regulated","CMV_T"
"PHETA1","gene","PHETA1","Down-regulated","CMV_T"
"PHF20L1","gene","PHF20L1","Down-regulated","CMV_T"
"PHLDA1","gene","PHLDA1","Down-regulated","CMV_T"
"PI4KA","gene","PI4KA","Down-regulated","CMV_T"
"PIGX","gene","PIGX","Down-regulated","CMV_T"
"PIK3R2","gene","PIK3R2","Down-regulated","CMV_T"
"PITPNC1","gene","PITPNC1","Down-regulated","CMV_T"
"PLB1","gene","PLB1","Down-regulated","CMV_T"
"PLCB2","gene","PLCB2","Down-regulated","CMV_T"
"PLXDC2","gene","PLXDC2","Down-regulated","CMV_T"
"PLXNB2","gene","PLXNB2","Down-regulated","CMV_T"
"PLXND1","gene","PLXND1","Down-regulated","CMV_T"
"PMFBP1","gene","PMFBP1","Down-regulated","CMV_T"
"POLD2","gene","POLD2","Down-regulated","CMV_T"
"POLD4","gene","POLD4","Down-regulated","CMV_T"
"PPARA","gene","PPARA","Down-regulated","CMV_T"
"PPARG","gene","PPARG","Down-regulated","CMV_T"
"PPIP5K2","gene","PPIP5K2","Down-regulated","CMV_T"
"PPM1F","gene","PPM1F","Down-regulated","CMV_T"
"PPP1R14B","gene","PPP1R14B","Down-regulated","CMV_T"
"PPP2R5A","gene","PPP2R5A","Down-regulated","CMV_T"
"PPP3CA","gene","PPP3CA","Down-regulated","CMV_T"
"PPT1","gene","PPT1","Down-regulated","CMV_T"
"PRAM1","gene","PRAM1","Down-regulated","CMV_T"
"PREX2","gene","PREX2","Down-regulated","CMV_T_AND_HIV_T"
"PRKAR2A","gene","PRKAR2A","Down-regulated","CMV_T"
"PROS1","gene","PROS1","Down-regulated","CMV_T"
"PRXL2B","gene","PRXL2B","Down-regulated","CMV_T"
"PTPRG","gene","PTPRG","Down-regulated","CMV_T"
"PTTG1IP","gene","PTTG1IP","Down-regulated","CMV_T"
"PXK","gene","PXK","Down-regulated","CMV_T"
"PYGL","gene","PYGL","Down-regulated","CMV_T"
"RAB11FIP4","gene","RAB11FIP4","Down-regulated","CMV_T"
"RAB4A","gene","RAB4A","Down-regulated","CMV_T"
"RAPH1","gene","RAPH1","Down-regulated","CMV_T"
"RASA3","gene","RASA3","Down-regulated","CMV_T"
"RBBP7","gene","RBBP7","Down-regulated","CMV_T"
"RDH12","gene","RDH12","Down-regulated","CMV_T"
"RETSAT","gene","RETSAT","Down-regulated","CMV_T"
"RFLNB","gene","RFLNB","Down-regulated","CMV_T"
"RGL2","gene","RGL2","Down-regulated","CMV_T"
"RNF125","gene","RNF125","Down-regulated","CMV_T"
"RPL10","gene","RPL10","Down-regulated","CMV_T"
"RPL10A","gene","RPL10A","Down-regulated","CMV_T"
"RPL17","gene","RPL17","Down-regulated","CMV_T"
"RPL18A","gene","RPL18A","Down-regulated","CMV_T"
"RPL19","gene","RPL19","Down-regulated","CMV_T"
"RPL21","gene","RPL21","Down-regulated","CMV_T"
"RPL36A","gene","RPL36A","Down-regulated","CMV_T"
"RPL41","gene","RPL41","Down-regulated","CMV_T"
"RPL6","gene","RPL6","Down-regulated","CMV_T"
"RPL7","gene","RPL7","Down-regulated","CMV_T"
"RPL7A","gene","RPL7A","Down-regulated","CMV_T"
"RPL8","gene","RPL8","Down-regulated","CMV_T"
"RPLP0","gene","RPLP0","Down-regulated","CMV_T"
"RPS11","gene","RPS11","Down-regulated","CMV_T"
"RPS18","gene","RPS18","Down-regulated","CMV_T"
"RPS25","gene","RPS25","Down-regulated","CMV_T"
"RPS4Y1","gene","RPS4Y1","Down-regulated","CMV_T_AND_HIV_T"
"RPS6","gene","RPS6","Down-regulated","CMV_T"
"RXRA","gene","RXRA","Down-regulated","CMV_T"
"S100A4","gene","S100A4","Down-regulated","CMV_T"
"SAMD1","gene","SAMD1","Down-regulated","CMV_T"
"SCD","gene","SCD","Down-regulated","CMV_T"
"SDC1","gene","SDC1","Down-regulated","CMV_T"
"SDC2","gene","SDC2","Down-regulated","CMV_T"
"SEL1L","gene","SEL1L","Down-regulated","CMV_T"
"SELE","gene","SELE","Down-regulated","CMV_T_AND_HIV_T"
"SELENOP","gene","SELENOP","Down-regulated","CMV_T"
"SEPTIN9","gene","SEPTIN9","Down-regulated","CMV_T"
"SERINC5","gene","SERINC5","Down-regulated","CMV_T"
"SERPINF2","gene","SERPINF2","Down-regulated","CMV_T"
"SETD7","gene","SETD7","Down-regulated","CMV_T"
"SF3B1","gene","SF3B1","Down-regulated","CMV_T"
"SFXN2","gene","SFXN2","Down-regulated","CMV_T"
"SH3BP5","gene","SH3BP5","Down-regulated","CMV_T"
"SH3RF3","gene","SH3RF3","Down-regulated","CMV_T"
"SHE","gene","SHE","Down-regulated","CMV_T"
"SLC1A5","gene","SLC1A5","Down-regulated","CMV_T"
"SLC25A15","gene","SLC25A15","Down-regulated","CMV_T"
"SLC25A29","gene","SLC25A29","Down-regulated","CMV_T_AND_HIV_T"
"SLC25A3","gene","SLC25A3","Down-regulated","CMV_T"
"SLC26A2","gene","SLC26A2","Down-regulated","CMV_T"
"SLC27A1","gene","SLC27A1","Down-regulated","CMV_T"
"SLC33A1","gene","SLC33A1","Down-regulated","CMV_T"
"SLC35E1","gene","SLC35E1","Down-regulated","CMV_T"
"SLC39A12","gene","SLC39A12","Down-regulated","CMV_T"
"SLC46A1","gene","SLC46A1","Down-regulated","CMV_T"
"SLC46A2","gene","SLC46A2","Down-regulated","CMV_T"
"SLC4A7","gene","SLC4A7","Down-regulated","CMV_T"
"SLC7A6","gene","SLC7A6","Down-regulated","CMV_T"
"SNX18","gene","SNX18","Down-regulated","CMV_T"
"SNX5","gene","SNX5","Down-regulated","CMV_T"
"SORT1","gene","SORT1","Down-regulated","CMV_T"
"SOWAHD","gene","SOWAHD","Down-regulated","CMV_T"
"SPCS3","gene","SPCS3","Down-regulated","CMV_T"
"SPRY2","gene","SPRY2","Down-regulated","CMV_T"
"SPTLC3","gene","SPTLC3","Down-regulated","CMV_T"
"SSBP4","gene","SSBP4","Down-regulated","CMV_T"
"SSR3","gene","SSR3","Down-regulated","CMV_T"
"ST6GALNAC4","gene","ST6GALNAC4","Down-regulated","CMV_T"
"ST6GALNAC6","gene","ST6GALNAC6","Down-regulated","CMV_T"
"SUMF1","gene","SUMF1","Down-regulated","CMV_T"
"SWAP70","gene","SWAP70","Down-regulated","CMV_T"
"SYT1","gene","SYT1","Down-regulated","CMV_T"
"TBC1D2B","gene","TBC1D2B","Down-regulated","CMV_T"
"TBL1XR1","gene","TBL1XR1","Down-regulated","CMV_T"
"TBXAS1","gene","TBXAS1","Down-regulated","CMV_T"
"TECPR1","gene","TECPR1","Down-regulated","CMV_T"
"TECR","gene","TECR","Down-regulated","CMV_T"
"TEX2","gene","TEX2","Down-regulated","CMV_T"
"TFAP4","gene","TFAP4","Down-regulated","CMV_T"
"TFRC","gene","TFRC","Down-regulated","CMV_T"
"TGFBR1","gene","TGFBR1","Down-regulated","CMV_T"
"TGFBR2","gene","TGFBR2","Down-regulated","CMV_T"
"TGOLN2","gene","TGOLN2","Down-regulated","CMV_T"
"TIMP2","gene","TIMP2","Down-regulated","CMV_T"
"TIMP4","gene","TIMP4","Down-regulated","CMV_T"
"TLCD3A","gene","TLCD3A","Down-regulated","CMV_T"
"TLE1","gene","TLE1","Down-regulated","CMV_T"
"TLE3","gene","TLE3","Down-regulated","CMV_T"
"TLR5","gene","TLR5","Down-regulated","CMV_T"
"TM6SF1","gene","TM6SF1","Down-regulated","CMV_T"
"TMC8","gene","TMC8","Down-regulated","CMV_T"
"TMCO3","gene","TMCO3","Down-regulated","CMV_T"
"TMEM119","gene","TMEM119","Down-regulated","CMV_T_AND_HIV_T"
"TMEM134","gene","TMEM134","Down-regulated","CMV_T"
"TMEM167A","gene","TMEM167A","Down-regulated","CMV_T"
"TMEM181","gene","TMEM181","Down-regulated","CMV_T"
"TMEM256","gene","TMEM256","Down-regulated","CMV_T"
"TMEM37","gene","TMEM37","Down-regulated","CMV_T"
"TNFAIP8L1","gene","TNFAIP8L1","Down-regulated","CMV_T"
"TPCN1","gene","TPCN1","Down-regulated","CMV_T"
"TPST2","gene","TPST2","Down-regulated","CMV_T"
"TRAK1","gene","TRAK1","Down-regulated","CMV_T"
"TRIM8","gene","TRIM8","Down-regulated","CMV_T"
"TTC3","gene","TTC3","Down-regulated","CMV_T"
"TTYH3","gene","TTYH3","Down-regulated","CMV_T"
"TUBA1A","gene","TUBA1A","Down-regulated","CMV_T"
"UBASH3B","Placenta_179","UBASH3B","Down-regulated","CMV_T"
"UBE2R2","gene","UBE2R2","Down-regulated","CMV_T"
"UBE4B","gene","UBE4B","Down-regulated","CMV_T"
"USP9Y","gene","USP9Y","Down-regulated","CMV_T_AND_HIV_T"
"UTP14C","gene","UTP14C","Down-regulated","CMV_T"
"VASH1","gene","VASH1","Down-regulated","CMV_T"
"VKORC1","gene","VKORC1","Down-regulated","CMV_T"
"VSIG4","gene","VSIG4","Down-regulated","CMV_T"
"WDR91","gene","WDR91","Down-regulated","CMV_T"
"YPEL3","gene","YPEL3","Down-regulated","CMV_T"
"ZADH2","gene","ZADH2","Down-regulated","CMV_T"
"ZDHHC20","gene","ZDHHC20","Down-regulated","CMV_T"
"ZDHHC7","gene","ZDHHC7","Down-regulated","CMV_T"
"ZFP36L1","gene","ZFP36L1","Down-regulated","CMV_T"
"ZFY","gene","ZFY","Down-regulated","CMV_T_AND_HIV_T"
"ZFYVE21","gene","ZFYVE21","Down-regulated","CMV_T"
"ZMIZ1","gene","ZMIZ1","Down-regulated","CMV_T"
"ZNF331","gene","ZNF331","Down-regulated","CMV_T"
"ZNF385B","gene","ZNF385B","Down-regulated","CMV_T"
"ZNF664","gene","ZNF664","Down-regulated","CMV_T_AND_HIV_T"
"ZNHIT1","gene","ZNHIT1","Down-regulated","CMV_T"
"ADAMTS13","gene","ADAMTS13","Down-regulated","HIV_eg"
"ADAMTS18","Placenta_47","ADAMTS18","Down-regulated","HIV_eg"
"ADAMTS2","gene","ADAMTS2","Down-regulated","HIV_eg"
"ADCY5","gene","ADCY5","Down-regulated","HIV_eg"
"ADGRB2","gene","ADGRB2","Down-regulated","HIV_eg"
"ADSS1","gene","ADSS1","Down-regulated","HIV_eg"
"AMOT","gene","AMOT","Down-regulated","HIV_eg"
"ASPG","gene","ASPG","Down-regulated","HIV_eg"
"ATG9A","gene","ATG9A","Down-regulated","HIV_eg"
"B3GNT3","gene","B3GNT3","Down-regulated","HIV_eg"
"BMP7","gene","BMP7","Down-regulated","HIV_eg"
"CCN4","gene","CCN4","Down-regulated","HIV_eg"
"CKMT1B","gene","CKMT1B","Down-regulated","HIV_eg"
"CKMT2","gene","CKMT2","Down-regulated","HIV_eg"
"COL4A1","Placenta_179","COL4A1","Down-regulated","HIV_eg"
"CSGALNACT1","gene","CSGALNACT1","Down-regulated","HIV_eg"
"CSRNP3","gene","CSRNP3","Down-regulated","HIV_eg"
"DPPA4","gene","DPPA4","Down-regulated","HIV_eg"
"EFCAB1","gene","EFCAB1","Down-regulated","HIV_eg"
"EGFLAM","gene","EGFLAM","Down-regulated","HIV_eg"
"ESRP2","gene","ESRP2","Down-regulated","HIV_eg"
"FBN1","Placenta_179","FBN1","Down-regulated","HIV_eg"
"FLRT3","gene","FLRT3","Down-regulated","HIV_eg"
"FMO1","gene","FMO1","Down-regulated","HIV_eg"
"GATA5","gene","GATA5","Down-regulated","HIV_eg"
"HEY2","gene","HEY2","Down-regulated","HIV_eg"
"HEYL","gene","HEYL","Down-regulated","HIV_eg"
"HIGD1B","Placenta_179","HIGD1B","Down-regulated","HIV_eg"
"HR","gene","HR","Down-regulated","HIV_eg"
"HSPG2","gene","HSPG2","Down-regulated","HIV_eg"
"IL11RA","gene","IL11RA","Down-regulated","HIV_eg"
"IL34","gene","IL34","Down-regulated","HIV_eg"
"ITIH5","gene","ITIH5","Down-regulated","HIV_eg"
"KAZALD1","gene","KAZALD1","Down-regulated","HIV_eg"
"KIF26A","gene","KIF26A","Down-regulated","HIV_eg"
"KIF26B","gene","KIF26B","Down-regulated","HIV_eg"
"LAMA5","gene","LAMA5","Down-regulated","HIV_eg"
"LGI4","gene","LGI4","Down-regulated","HIV_eg"
"LIN28B","Placenta_67","LIN28B","Down-regulated","HIV_eg"
"LOC102724788","gene","LOC102724788","Down-regulated","HIV_eg"
"LRRN2","gene","LRRN2","Down-regulated","HIV_eg"
"LURAP1L","gene","LURAP1L","Down-regulated","HIV_eg"
"LYPD6","Placenta_179","LYPD6","Down-regulated","HIV_eg"
"LYVE1","Placenta_179","LYVE1","Down-regulated","HIV_eg"
"MYH10","gene","MYH10","Down-regulated","HIV_eg"
"NOSTRIN","gene","NOSTRIN","Down-regulated","HIV_eg"
"OR51E1","Placenta_179","OR51E1","Down-regulated","HIV_eg"
"P2RX6","gene","P2RX6","Down-regulated","HIV_eg"
"PCDH11X","gene","PCDH11X","Down-regulated","HIV_eg"
"PCDHA6","gene","PCDHA6","Down-regulated","HIV_eg"
"PCDHB14","gene","PCDHB14","Down-regulated","HIV_eg"
"PCDHGA4","gene","PCDHGA4","Down-regulated","HIV_eg"
"PID1","gene","PID1","Down-regulated","HIV_eg"
"PNMA2","gene","PNMA2","Down-regulated","HIV_eg"
"PPL","gene","PPL","Down-regulated","HIV_eg"
"PRUNE2","gene","PRUNE2","Down-regulated","HIV_eg"
"PTH1R","gene","PTH1R","Down-regulated","HIV_eg"
"SEMA5B","gene","SEMA5B","Down-regulated","HIV_eg"
"SERPINA3","gene","SERPINA3","Down-regulated","HIV_eg"
"SFRP1","gene","SFRP1","Down-regulated","HIV_eg"
"SFTPB","gene","SFTPB","Down-regulated","HIV_eg"
"SLC13A4","gene","SLC13A4","Down-regulated","HIV_eg"
"SLC1A1","gene","SLC1A1","Down-regulated","HIV_eg"
"SLC39A2","gene","SLC39A2","Down-regulated","HIV_eg"
"SLC40A1","gene","SLC40A1","Down-regulated","HIV_eg"
"SMIM10L2B","gene","SMIM10L2B","Down-regulated","HIV_eg"
"SPARC","Placenta_179","SPARC","Down-regulated","HIV_eg"
"SPDYE10P","gene","SPDYE10P","Down-regulated","HIV_eg"
"STON1-GTF2A1L","gene","STON1-GTF2A1L","Down-regulated","HIV_eg"
"SYT12","gene","SYT12","Down-regulated","HIV_eg"
"ZNF660-ZNF197","gene","ZNF660-ZNF197","Down-regulated","HIV_eg_AND_HIV_T"
"ACE2","gene","ACE2","Down-regulated","HIV_T"
"ACSS3","gene","ACSS3","Down-regulated","HIV_T"
"ADAMTS19","Placenta_47","ADAMTS19","Down-regulated","HIV_T"
"ADGRF4","gene","ADGRF4","Down-regulated","HIV_T"
"AFF2","Placenta_179","AFF2","Down-regulated","HIV_T"
"ANO2","gene","ANO2","Down-regulated","HIV_T"
"AP1M2","gene","AP1M2","Down-regulated","HIV_T"
"ARHGEF26","gene","ARHGEF26","Down-regulated","HIV_T"
"AVPR1A","gene","AVPR1A","Down-regulated","HIV_T"
"CACNA2D2","gene","CACNA2D2","Down-regulated","HIV_T"
"CD300LG","Placenta_179","CD300LG","Down-regulated","HIV_T"
"CETP","Placenta_47","CETP","Down-regulated","HIV_T"
"CHODL","gene","CHODL","Down-regulated","HIV_T"
"CYP26A1","gene","CYP26A1","Down-regulated","HIV_T"
"DDX3Y","gene","DDX3Y","Down-regulated","HIV_T"
"DYRK1B","gene","DYRK1B","Down-regulated","HIV_T"
"FREM1","gene","FREM1","Down-regulated","HIV_T"
"GRID1","gene","GRID1","Down-regulated","HIV_T"
"GRIK2","gene","GRIK2","Down-regulated","HIV_T"
"HIF1A","gene","HIF1A","Down-regulated","HIV_T"
"HOXC6","gene","HOXC6","Down-regulated","HIV_T"
"KRT80","gene","KRT80","Down-regulated","HIV_T"
"LGI2","gene","LGI2","Down-regulated","HIV_T"
"LNX1","gene","LNX1","Down-regulated","HIV_T"
"MFSD4A","gene","MFSD4A","Down-regulated","HIV_T"
"MMRN1","gene","MMRN1","Down-regulated","HIV_T"
"MYL4","gene","MYL4","Down-regulated","HIV_T"
"NEBL","gene","NEBL","Down-regulated","HIV_T"
"PADI1","gene","PADI1","Down-regulated","HIV_T"
"PDE1A","gene","PDE1A","Down-regulated","HIV_T"
"PRIMA1","gene","PRIMA1","Down-regulated","HIV_T"
"RARB","gene","RARB","Down-regulated","HIV_T"
"REN","gene","REN","Down-regulated","HIV_T"
"RGMA","gene","RGMA","Down-regulated","HIV_T"
"RGN","gene","RGN","Down-regulated","HIV_T"
"RIPK4","gene","RIPK4","Down-regulated","HIV_T"
"S1PR1","gene","S1PR1","Down-regulated","HIV_T"
"SLC5A3","gene","SLC5A3","Down-regulated","HIV_T"
"SULT1C4","gene","SULT1C4","Down-regulated","HIV_T"
"TNNT3","gene","TNNT3","Down-regulated","HIV_T"
"TRO","gene","TRO","Down-regulated","HIV_T"
"TSPAN18","gene","TSPAN18","Down-regulated","HIV_T"
"TUBA3E","gene","TUBA3E","Down-regulated","HIV_T"
"UTY","gene","UTY","Down-regulated","HIV_T"
"VASH2","gene","VASH2","Down-regulated","HIV_T"
"VGLL1","Placenta_67","VGLL1","Down-regulated","HIV_T"
"XAGE2","Placenta_67","XAGE2","Down-regulated","HIV_T"
"XAGE3","Placenta_67","XAGE3","Down-regulated","HIV_T"
"CMV_eg","virus","CMV_eg",NA,NA
"HIV_eg","virus","HIV_eg",NA,NA
"CMV_T","virus","CMV_T",NA,NA
"HIV_T","virus","HIV_T",NA,NA
