"pathway","pval","padj","log2err","ES","NES","size","leadingEdge","Virus","Gestation"
"Interferon_gamma_response",1.9415815639921e-44,9.70790781996051e-43,1.7387813118488,0.800656513104119,3.43364819625159,158,"CXCL11, ZBP1, IFIT2, ISG20, IDO1, CD38, GBP4, OASL, CFB, ISG15, IFIT1, IFIT3, USP18, CCL7, SECTM1, IL15RA, RTP4, DHX58, DDX58, GCH1, BATF2, PSMB9, IFIH1, VAMP5, CD274, MX1, SAMD9L, CMPK2, MX2, IRF7, LY6E, PML, OAS2, IFI35, TAP1, EPSTI1, IFI44L, UBE2L6, SP110, HERC6, IFI44, MT2A, NLRC5, IRF4, CXCL9, NMI, TRAFD1, IFITM3, XAF1, PNPT1, TDRD7, STAT1, ZNFX1, TRIM21, STAT2, SLAMF7, APOL6, OAS3, SLC25A28, TOR1B, CCL2, BANK1, PFKP, IRF2, CASP1, IRF1, LAP3, JAK2, LYSMD2, CD40, CSF2RB, BST2, HLA-DQA1, RBCK1, IFI27, EIF2AK2, PARP14, PDE4B, IL15, CASP7, DDX60, PLSCR1, PSMB8, OGFR, IL7, TRIM26, HLA-A, CD74, RIPK2, PSME2, HLA-DRB1, HLA-B, IL10RA, PSMB10, PARP12, IL18BP, FAS, CASP3, ADAR, CASP4, TRIM14, PSMA2, MYD88, LCP2, FGL2, CASP8, STAT4, RNF213, IRF9","CMV","Term"
"Interferon_alpha_response",6.50247209443633e-37,1.62561802360908e-35,1.5829282179456,0.874590535430206,3.42664741997299,82,"CXCL11, IFIT2, ISG20, GBP4, SELL, OASL, ISG15, IFIT3, GMPR, USP18, RTP4, DHX58, BATF2, PSMB9, GBP2, IFIH1, MX1, SAMD9, SAMD9L, CMPK2, IRF7, LY6E, IFI35, TAP1, EPSTI1, IFI44L, OAS1, UBE2L6, SP110, HERC6, IFI44, TRIM5, NUB1, NMI, TMEM140, TRAFD1, IFITM3, PNPT1, TDRD7, TRIM21, STAT2, NCOA7, SLC25A28, MOV10, CNP, IRF2, CASP1, IRF1, PARP9, LAP3, BST2, UBA7, HLA-C, IFI27, EIF2AK2, PARP14, IL15, DDX60, PLSCR1, PSMB8, OGFR, IL7, TRIM26, CD74, RIPK2, PSME2, PARP12, ADAR, TRIM14","CMV","Term"
"Allograft_rejection",0.000137435694961095,0.00171794618701368,0.518848077743792,0.423988928475969,1.76113349766076,122,"CCL19, CCL7, IL12A, TLR3, CCL4, GBP2, TNF, IRF7, CD3D, TAP1, CD80, TAP2, IRF4, CXCL9, CD8A, STAT1, IL2RA, CXCR3, CCL2, JAK2, CD40, HLA-DQA1, IL15, IL12RB1, IL7, HLA-DRA, HLA-A, HLA-E, CD74, RIPK2, PSMB10, ACHE, FAS, CD2, HLA-DOB, C2, LCP2, STAT4, LYN, HLA-DOA, TAPBP, ICAM1, GCNT1, TRAF2, CD247, B2M, ELF4, ABI1, NCF4","CMV","Term"
"Il6_jak_stat3_signaling",0.017208413001912,0.0782200590996002,0.279865652661932,0.40397281881809,1.50239232348318,60,"CXCL11, CD38, CCL7, IL15RA, TNF, CXCL9, STAT1, IL2RA, STAT2, CSF2, IRF1, CSF2RB, IL12RB1, IL7, CRLF2, FAS, MYD88, IRF9, BAK1","CMV","Term"
"Tnfa_signaling_via_nfkb",0.0080918856422969,0.0449549202349828,0.380730400722792,0.355102168955403,1.47186829683692,120,"CXCL11, IFIT2, IL15RA, DDX58, GCH1, CCL4, IFIH1, TNF, TAP1, CD80, RNF19B, FUT4, CSF2, CCL2, IRF1, DUSP5, PDE4B, RELA, RIPK2, PANX1, SLC2A6, NINJ1, TNFAIP8, B4GALT5, DENND5A, BCL2A1, NFKB2, MARCKS, RELB, SPSB1, CCL20, ICAM1, CCRL2, DUSP2, TANK, SPHK1, PLEK, EDN1, BTG3, PNRC1, TNFAIP3, CDKN1A, KLF6, SAT1, PFKFB3, SERPINB8, CFLAR, DRAM1, BIRC2, NFKB1, NFKBIA","CMV","Term"
"Apoptosis",0.0155763463755194,0.0778817318775972,0.380730400722792,0.361154497105244,1.44170371287928,95,"IFNB1, ISG20, CD38, CCNA1, GCH1, TNF, TAP1, IFITM3, CASP1, IRF1, BIK, CASP7, RELA, FAS, CASP3, CD2, CASP4, CASP8, DNAJA1","CMV","Term"
"Inflammatory_response",0.0350282485875706,0.125100887812752,0.260820567718869,0.318590284880083,1.31509605153209,114,"CXCL11, SELL, CCL7, IL15RA, RTP4, TLR3, GCH1, FFAR2, LTA, IRF7, LY6E, SEMA4D, NOD2, CXCL9, NMI, MEFV, CCL2, IRF1, CD40, CD70, BST2, GPR132, EIF2AK2, PDE4B, IL15, RELA, RIPK2, IL10RA, PTGIR, RNF144B, C3AR1, LCP2, PROK2, LYN, KCNJ2, P2RX7, IRAK2, SRI, AXL, CCL20, TAPBP, ICAM1, CCRL2, SPHK1, EDN1, P2RX4, SLC31A2, CMKLR1, ABI1","CMV","Term"
"Apical_junction",0.0466218450347184,0.155406150115728,0.0686890698977699,-0.470669130771652,-1.40092016832516,105,"CDH6, CDH15, CNTN1, NRAP, CLDN8, CLDN6, MMP2, MPZL2, VCL, BMP1, ACTA1, ADRA1B, AMH, ALOX15B, MADCAM1, PPP2R2C, CDH8, INSIG1, TGFBI, FSCN1, MMP9, DSC1, ICAM5, GAMT, CLDN9, DMP1, ADAM9, SYK, CRB3, MAPK13, ITGA9, THBS3, ACTN1, HADH, VASP, ADAM15, ITGB1, SDC3, RRAS, CALB2, LAMB3, PECAM1, RAC2, COL9A1, SORBS3, TSPAN4, LIMA1, MYH9, CLDN14, SKAP2, PIK3CB, RASA1, CNN2, ARHGEF6","CMV","Term"
"Xenobiotic_metabolism",0.0201820774377536,0.0840919893239735,0.105519930289441,-0.492925192723617,-1.47532388827817,114,"ACOX2, CYP26A1, ARG1, GSTA3, FMO1, AKR1C3, CDA, TTPA, SERPINE1, CD36, FMO3, MAOA, PC, VNN1, FBP1, PDK4, NDRG2, CYP27A1, CYP1A2, ADH1C, IGF1, PAPSS2, DDAH2, SLC1A5, ARG2, IDH1, ABCC3, BLVRB, GSTT2, DDC, BCAT1, ABCD2, GNMT, PEMT, PROS1, FAH, SMOX, TMEM97, ABHD6, CAT","CMV","Term"
"Myogenesis",0.00690576965916685,0.0431610603697928,0.183397180948084,-0.539049435345742,-1.5928685526604,97,"TNNT3, LDB3, SGCD, CASQ2, MYOZ1, CD36, MB, TNNC2, MYLPF, PC, CASQ1, BDKRB2, TNNI2, GPX3, IGF1, ACTA1, FGF2, TNNC1, MYH8, MYL7, SCD, ADCY9, SGCG, HSPB8, GSN, PFKM, MYBPH, SLN, FOXO4, TNNT1, KIFC3, PLXNB2, FABP3, SLC6A8, LSP1, AK1, MYOM1, PVALB, ITGB1, ENO3, ITGB5, FDPS, NAV2, MYH2, NCAM1, HBEGF, SORBS3, MYO1C, SPTAN1, MYH9, BHLHE40","CMV","Term"
"Kras_signaling_up",0.00484955362063265,0.0356810939989379,0.218259775284787,-0.537803190393658,-1.60074091703629,105,"SPON1, SNAP91, ARG1, PTPRR, SERPINA3, GPRC5B, GABRA3, ACE, PPBP, PCSK1N, ALDH1A2, CLEC4A, MPZL2, RETN, PRKG2, EREG, TSPAN7, TRIB1, IL1B, CXCR4, ETV1, NRP1, CAB39L, MMD, PLAU, MMP9, VWA5A, PCP4, SNAP25, PRRX1","CMV","Term"
"Angiogenesis",0.0302136031478359,0.116206165953215,0.0974433570168394,-0.711866096775742,-1.62938826792593,16,"PF4, S100A4, THBD, VEGFA, LPL, NRP1, TNFRSF21, JAG1, SERPINA5, ITGAV, FGFR1, TIMP1","CMV","Term"
"Uv_response_dn",0.0049953531598513,0.0356810939989379,0.220823464091113,-0.577640443712033,-1.64912765684152,72,"COL11A1, PTGFR, ATP2B4, SERPINE1, MYC, SDC2, LAMC1, LDLR, F3, KIT, DBP, KCNMA1, PPARG, ADD3, NRP1, CDC42BPA, IGF1R, INSIG1, DAB2, TGFBR2, LPAR1, ADORA2B, ATXN1, RXRA, PMP22, PRKCA, ITGB3, ARHGEF9, ATRN, SYNE1, GRK5, PTPRM, ZMIZ1","CMV","Term"
"Coagulation",0.000559389519310844,0.00559389519310844,0.477270815362862,-0.661656681148565,-1.85206137313439,60,"FGA, RGN, ACOX2, MMP15, SERPINE1, PF4, APOC3, THBD, MMP2, F3, LRP1, TMPRSS6, BMP1, CTSE, APOC2, CTSK, APOC1, A2M, LTA4H, CD9, PLAU, MMP9, GSN","CMV","Term"
"Epithelial_mesenchymal_transition",8.67525560971508e-05,0.00144587593495251,0.538434096309916,-0.671396912091384,-1.90035972378726,67,"COL11A1, CDH6, ECM2, SGCD, SERPINE1, DPYSL3, SDC1, LAMC1, RHOB, MMP2, FOXC2, LRP1, VEGFA, BMP1, TGM2, SFRP4, FGF2, JUN, TPM1, DAB2, TGFBI, SGCG, LRRC15, CDH2, PRRX1, QSOX1, CADM1, ITGAV, GLIPR1, NNMT, PMP22, SLC6A8, ITGB3, CALU, CD59, BASP1, PLOD1, GREM1, ITGB1, PMEPA1, ITGB5, TIMP1, FLNA","CMV","Term"
"Il6_jak_stat3_signaling",0.0194331665044364,0.228975,0.352487857583619,0.298430971329744,1.24235590111983,46,"CXCL11, STAT1, IL12RB1, IRF1, CXCL9, CD38, IL15RA, STAT2, IL3RA, IL7, MYD88, IRF9, PIM1, BAK1, IL17RA, PTPN2, CCR1","HIV","Term"
"Kras_signaling_up",0.0423957604239576,0.364603539646035,0.0686043435198679,-0.615275944380831,-1.23280622916313,84,"PLVAP, SNAP91, ANO1, SLPI, TNNT2, ARG1, PTPRR, SERPINA3, GABRA3, EREG, SNAP25, PCSK1N, BTC, GPRC5B, IL1B, CCL20, RGS16, PCP4, PTGS2, KIF5C, BTBD3, GFPT2, PRKG2, ETS1, IL1RL2, RETN, CAB39L, FGF9","HIV","Term"
"Apical_junction",0.0213,0.228975,0.0979108420486795,-0.631660178489864,-1.26650906331956,87,"SPEG, PARD6G, TRO, CDH6, KCNH2, CDH15, CNTN1, PPP2R2C, NRTN, ADRA1B, ACTA1, CLDN8, CDH8, MADCAM1, CRB3, AMH, CLDN6, MMP2","HIV","Term"
"Myogenesis",0.0055,0.228975,0.194887297433682,-0.66443715484275,-1.33181023694909,86,"SPEG, TNNT3, PTGIS, LDB3, KCNH2, MYL4, REEP1, TNNT2, SGCD, COL6A3, CKMT2, MB, CASQ2, ACTA1, TNNC2, TNNC1, BDKRB2, CHRNA1, IGF1, CFD, ATP2A1, ACHE, MYH8, CACNG1, HSPB8, MYL7, GADD45B, CASQ1, NAV2, FGF2, PGAM2","HIV","Term"
"Epithelial_mesenchymal_transition",0.0142113690952762,0.228975,0.120420653167431,-0.689071558018253,-1.36336749982558,51,"COL11A1, SFRP1, CDH6, ECM2, SGCD, COL6A3, FOXC2, IGFBP4, RHOB, DPYSL3, LAMC1, VEGFA, MMP2, NTM, TPM1, GEM, NNMT, GADD45B, JUN, SDC1, FGF2, CADM1, GREM1, MAGEE1, SLC6A8, LAMC2, PMEPA1, BASP1","HIV","Term"
"Hypoxia",0.0085991400859914,0.036976302369763,0.155354732375283,-0.525601384648771,-1.17684699107496,147,"GPC3, TKTL1, PKP1, COL5A1, IGFBP1, CP, CSRP2, EFNA1, BGN, TMEM45A, LOX, IGFBP3, PPARGC1A, SRPX, DCN, PPFIA4, KDELR3, SLC2A1, CHST3, PYGM, TGFB3, KIF5A, GCK, SELENBP1, RORA, CDKN1C, CAV1, GPC1, INHA, VLDLR, TPBG, PLAC8, IRS2, EGFR, PCK1, SERPINE1, F3, CA12, STC2, FOS, ANGPTL4, STBD1, ALDOB, TGM2, PPP1R3C, PAM, ERRFI1, GPC4, SLC2A5, PGF, ADORA2B, DUSP1, SULT2B1, ALDOC, ATF3, PGAM2, EXT1, VEGFA, CCNG2, CHST2, ZFP36, BCAN, JUN, ADM, AKAP12, DDIT4, NDRG1, PGM1, TIPARP, CITED2","CMV","Early Gestation"
"Coagulation",0.006999300069993,0.033441100334411,0.172450317477257,-0.551747158067658,-1.22150229480144,98,"FGA, FGG, COMP, FBN1, CFH, FN1, LEFTY2, ACOX2, APOC3, CFI, RGN, TIMP3, HTRA1, PRSS23, MMP11, F10, APOA1, CLU, SPARC, F12, C1R, PLAT, VWF, MMP8, CAPN5, BMP1, GDA, FYN, THBS1, MMP2, SERPINE1, F3, DCT, F2RL2, MMP15, MST1, HMGCS2","CMV","Early Gestation"
"Estrogen response early",0.0010584774006314,0.00758575470452506,0.45505986738723,-0.548896608472146,-1.23134469318621,156,"PDLIM3, AREG, ELOVL2, OLFM1, PGR, HR, GJA1, INHBB, SYT12, DEPTOR, OLFML3, SLC24A3, SYBU, RET, PRSS23, SLC2A1, CYP26B1, SEMA3B, SLC1A1, KCNK5, THSD4, KRT19, AQP3, MAPT, CLIC3, ABLIM1, ADCY1, ELF3, KRT8, MUC1, IGFBP4, SYNGR1, NPY1R, TPD52L1, KRT18, ESRP2, KAZN, TSKU, MLPH, TPBG, RHOD, MAST4, HES1, PODXL, GREB1, KRT15, SLC7A2, TFF3, CA12, STC2, DHRS2, FHL2, FOS, SLC27A2, IL17RB, KCNK15, KLF4, REEP1, TGM2, CXCL12, OVOL2, RAB17, PDZK1, DLC1, TJP3, FOXC1, IGF1R, FAM102A, SULT2B1, HSPB8, MYBL1, AR, ADCY9, CELSR2, SCNN1A, TUBB2B, EGR3, IL6ST, TFAP2C, LRIG1, SLC19A2, SVIL, KLK10, ABCA3, KLF10, ADD3, ENDOD1, WFS1, KRT13, TIPARP","CMV","Early Gestation"
"Uv response dn",0.00164753089240322,0.0101205469104769,0.45505986738723,-0.565625735943495,-1.25528117960357,107,"COL11A1, COL3A1, COL1A1, COL1A2, COL5A2, LTBP1, CDON, GJA1, MAP1B, CAP2, KALRN, IRS1, EFEMP1, AMPH, FBLN5, PDGFRB, NFIB, CAV1, PTGFR, IGFBP5, MMP16, TGFBR3, VLDLR, ERBB2, BDNF, FYN, SERPINE1, F3, SCN8A, APBB2, FHL2, SNAI2, SCHIP1, TJP1, PTPN21, DLC1, INPP4B, LAMC1, IGF1R, ADORA2B, ATP2B4, DUSP1, MAGI2, RBPMS, SMAD3","CMV","Early Gestation"
"Wnt beta catenin signaling",0.0420252151290774,0.150590354212528,0.068945037482762,-0.594770828539042,-1.25660797102856,32,"WNT1, DKK1, AXIN2, HEY2, CCND2, WNT6, GNAI1, PTCH1, NKD1, LEF1","CMV","Early Gestation"
"Estrogen response late",0.000262025126322415,0.00225341608637277,0.49849310876659,-0.562758612265871,-1.2613395746081,152,"CDH1, FGFR3, PLAC1, PDLIM3, AREG, TNNC1, SERPINA3, OLFM1, PGR, MEST, HR, TRIM29, CXCL14, PRLR, TH, SCUBE2, ACOX2, SLC24A3, RET, PRSS23, CYP26B1, SEMA3B, KCNK5, KRT19, IGSF1, DNAJC12, MAPT, CLIC3, HOMER2, PKP3, CACNA2D2, IGFBP4, CAV1, NPY1R, TPD52L1, GJB3, PLXNB1, ASS1, AGR2, DLG5, SERPINA5, TPBG, CPE, TFF3, CA12, PCP4, KIF20A, ST6GALNAC2, DHRS2, PERP, FOS, SLC27A2, EMP2, IL17RB, LSR, KLF4, HMGCS2, CXCL12, OVOL2, PDZK1, NMU, TJP3, FOXC1, FAM102A, TSPAN13, TOP2A, ATP2B4, SULT2B1, MDK, IMPA2, HSPB8, UGDH, PRKAR2B, HSPA4L, CELSR2, ZFP36, SCNN1A, EGR3, PDCD4, IL6ST, TFAP2C","CMV","Early Gestation"
"Apical junction",3.56401774733836e-05,0.000383131907838874,0.557332238758646,-0.575358824096677,-1.2901955539275,154,"CADM3, SPEG, CDH1, COL16A1, KCNH2, ACTG2, CLDN19, MYH10, FBN1, NFASC, ADAMTS5, CLDN4, AMH, TRO, TMEM8B, DSC3, ACTC1, ADAM23, CERCAM, NLGN2, CDH11, THY1, LAYN, IRS1, VCAN, PPP2R2C, GRB7, NRXN2, PARD6G, NRTN, CDH3, SLIT2, COL17A1, MYL9, ITGB4, GNAI1, SHROOM2, SGCE, VCAM1, CNTN1, CD34, PARVA, CDH15, KRT31, VWF, LAMA3, BMP1, MMP2, TNFRSF11B, AMIGO1, JUP, EGFR, ALOX15B, CLDN5, CLDN6, CRB3, JAM3, PCDH1, ADRA1B","CMV","Early Gestation"
"Kras signaling dn",1.34076372312763e-05,0.000192176133648294,0.593325476396405,-0.593930981125288,-1.32575977505093,130,"WNT16, ARHGDIG, RYR2, BRDT, FGFR3, PKP1, SLC12A3, ATP6V1B1, TNNI3, CNTFR, EDAR, ITIH3, KRT4, EFHD1, ACTC1, CPB1, ZBTB16, RGS11, SYNPO, SPRR3, CAPN9, HSD11B2, GDNF, P2RX6, KRT5, ADRA2C, ABCG4, TFAP2B, NRIP2, PNMT, PTGFR, COPZ2, IGFBP2, PRODH, COL2A1, THRB, DLK2, LYPD3, SLC5A5, OXT, NPHS1, KRT15, TCF7L1, FGF22, SLC38A3, RIBC2, GP2, SPTBN2, TGM1, CPA2, SNCB, TG, SMPX, NR4A2, NTF3, DCC, EPHA5, CLDN8, UGT2B17, GPRC5C, KCND1, HTR1B, TEX15, YBX2, TGFB2, MYO15A, SSTR4, ITGB1BP2, ABCB11, TLX1, EGF, CYP39A1, MFSD6, PCDHB1, ARPP21, CHST2, CELSR2","CMV","Early Gestation"
"Angiogenesis",0.0103206412825651,0.0403443250136637,0.141766537975907,-0.646379169327643,-1.35033446292448,27,"COL3A1, COL5A2, VTN, POSTN, LUM, KCNJ8, VCAN, PRG2, FSTL1, SLCO2A1, CCND2, MSX1, SERPINA5","CMV","Early Gestation"
"Epithelial mesenchymal transition",1.81094009158443e-18,7.78704239381305e-17,1.10533657731401,-0.709953249204522,-1.59082661055629,151,"SGCD, COL11A1, COL3A1, COL1A1, COL1A2, COMP, FBN2, COL16A1, MATN2, COL5A1, SLIT3, AREG, COL5A2, FBN1, LOXL1, ECM2, LAMA2, FMOD, SFRP1, MXRA5, MEST, GPX7, FBLN2, MGP, SERPINE2, FN1, NID2, GJA1, CALD1, BGN, COL12A1, POSTN, GAS1, LUM, DKK1, COL6A3, ADAM12, LOX, CAP2, FAP, IGFBP3, COL6A2, TIMP3, APLP1, CDH11, DCN, THY1, FBLN1, HTRA1, ABI3BP, VCAN, PCOLCE, SPOCK1, ELN, FSTL1, FBLN5, SLIT2, MYL9, CRLF1, SGCB, LAMA1, CTHRC1, VCAM1, COL4A1, DST, PDGFRB, ACTA2, SPARC, FSTL3, EDIL3, MSX1, TAGLN, COL4A2, IGFBP4, GPC1, COL5A3, LOXL2, PCOLCE2, PLOD2, TGFBR3, MFAP5, TPM2, LAMA3, SCG2, BMP1, WNT5A, BDNF, IGFBP2, MATN3, THBS1, THBS2, MMP2, TNFRSF11B, EFEMP2, LRRC15, SERPINE1, DPYSL3, SNAI2, SLC6A8, BASP1, IL15, PFN2, TGM2, CXCL12, FOXC2, LAMC1, FERMT2, MAGEE1, COL7A1","CMV","Early Gestation"
"Reactive oxigen species pathway",0.0318931221998889,0.113075615072333,0.321775918075361,0.281008255072598,1.40300695593465,34,"IPCEF1, FTL, SRXN1, TXN, PFKP, ATOX1, SOD2, PRDX1, G6PD, MBP, GLRX2, GCLM, NQO1, GSR, FES","HIV","Early Gestation"
"Hypoxia",0.0476952304769523,0.155009499050095,0.0644973452335783,-0.48471482429491,-1.13709726905656,148,"COL5A1, CP, KIF5A, IGFBP1, EFNA1, GPC3, PPARGC1A, TMEM45A, INHA, DCN, IGFBP3, BGN, SRPX, CSRP2, KDELR3, TKTL1, CHST3, SLC2A1, PKP1, PYGM, CDKN1C, PPFIA4, PCK1, VLDLR, SULT2B1, GPC1, SLC2A5, PLAC8, RORA, LOX, TGFB3, CAV1, EGFR, SELENBP1, FOS, IRS2, PGF, GCK, SERPINE1, F3, PAM, ANGPTL4, CA12, DUSP1, ALDOC, PPP1R3C, ERRFI1, ALDOB, STC2, HOXB9, GPC4, CCNG2, TPBG, VEGFA, STBD1, EXT1, ADORA2B, CHST2, TGM2, AKAP12, PGAM2, ZFP36, DDIT4, PGM1, ADM","HIV","Early Gestation"
"Estrogen response early",0.00100325392285567,0.00652115049856185,0.45505986738723,-0.522357327768694,-1.228492843258,161,"INHBB, AREG, PGR, ELOVL2, SYT12, HR, DEPTOR, ADCY1, GJA1, CYP26B1, THSD4, PDLIM3, SEMA3B, OLFML3, KCNK5, MAPT, SLC1A1, OLFM1, SLC27A2, ESRP2, SLC2A1, PRSS23, RET, SLC24A3, RHOD, KRT19, ABLIM1, CLIC3, SYNGR1, AQP3, TFF3, MLPH, NPY1R, SULT2B1, GREB1, KRT8, TPD52L1, HES1, KCNK15, IGFBP4, KAZN, RAB17, PODXL, ELF3, FOS, KRT18, REEP1, CXCL12, KRT15, IL17RB, SYBU, TSKU, DHRS2, OVOL2, MUC1, TJP3, FHL2, IGF1R, SCNN1A, MAST4, DLC1, FAM102A, KLF4, SFN, CA12, AR, SLC7A2, STC2, TUBB2B, WWC1, CELSR2, LRIG1, EGR3, PDZK1, HSPB8, TPBG, ADCY9, TGM2, KRT13, ADD3, FOXC1, ABCA3, NAV2, RPS6KA2, SVIL, SLC19A2, IL6ST, FASN, SCARB1, ABAT, SLC16A1, ENDOD1, CBFA2T3, TFAP2C, TIPARP","HIV","Early Gestation"
"Coagulation",0.0031996800319968,0.0138652801386528,0.256635016972443,-0.547431663429193,-1.2679922112334,92,"FGA, FGG, CFH, FBN1, COMP, MMP11, APOC3, FN1, APOA1, F10, TIMP3, CFI, RGN, MMP8, HTRA1, LEFTY2, CLU, PRSS23, ACOX2, SPARC, VWF, F12, MMP2, GDA, CAPN5, FYN, C1R, PLAT, BMP1, THBS1, SERPINE1, F3, CTSK, DCT, MMP15, MST1, CRIP2, HMGCS2, CFD, F2RL2, DPP4, KLK8, C1S, ANG, C8A, HNF4A, RAPGEF3","HIV","Early Gestation"
"Estrogen response late",0.000123567110218771,0.000963823459706415,0.518848077743792,-0.546629727710518,-1.2836815281245,153,"SERPINA3, FGFR3, PRLR, AREG, CDH1, PGR, TNNC1, HR, MEST, CYP26B1, TH, CXCL14, PDLIM3, SCUBE2, PLAC1, SEMA3B, KCNK5, MAPT, DNAJC12, TRIM29, OLFM1, SLC27A2, CACNA2D2, PRSS23, RET, SLC24A3, SERPINA5, KRT19, GJB3, ACOX2, ASS1, CLIC3, TFF3, NPY1R, IGSF1, PTGER3, PKP3, SULT2B1, PLXNB1, DLG5, HOMER2, TPD52L1, IGFBP4, CAV1, AGR2, FOS, KIF20A, CXCL12, PERP, IL17RB, EMP2, LSR, TOP2A, DHRS2, OVOL2, TJP3, SCNN1A, TSPAN13, FAM102A, KLF4, SFN, CA12, IMPA2, HMGCS2, ATP2B4, NMU, HSPA4L, CPE, CELSR2, ST6GALNAC2, EGR3, PDZK1, HSPB8, TPBG, KLK11, PRKAR2B, PDCD4, UGDH, KRT13, ADD3, FOXC1, PCP4, ABCA3, MDK, ZFP36","HIV","Early Gestation"
"Uv response dn",0.0015002671684057,0.00835863136683178,0.45505986738723,-0.553982346527154,-1.28772106676404,103,"COL11A1, COL3A1, COL1A1, COL1A2, CDON, COL5A2, LTBP1, KALRN, EFEMP1, GJA1, AMPH, FBLN5, IRS1, SCN8A, MAP1B, NFIB, MMP16, PDGFRB, IGFBP5, TGFBR3, CAP2, VLDLR, FYN, PTGFR, CAV1, ERBB2, SNAI2, INPP4B, SERPINE1, SCHIP1, F3, FHL2, IGF1R, DLC1, LDLR, LAMC1, DUSP1, ATP2B4, PTPN21, APBB2, TJP1, MAGI2, PLCB4, RBPMS, KCNMA1, TFPI, CDC42BPA, ADORA2B, SMAD3, PRKAR2B, ADD3","HIV","Early Gestation"
"Kras signaling dn",8.40408630237044e-05,0.000819398414481118,0.538434096309916,-0.565786025413682,-1.31990014589971,117,"WNT16, RYR2, CNTFR, ARHGDIG, CPB1, FGFR3, ATP6V1B1, P2RX6, BRDT, ZBTB16, EDAR, HSD11B2, RGS11, SLC12A3, KRT4, EFHD1, ABCG4, NRIP2, COL2A1, TNNI3, SYNPO, PKP1, ADRA2C, ITIH3, SLC38A3, IGFBP2, KRT5, ACTC1, GDNF, COPZ2, PTGFR, THRB, TFAP2B, NPHS1, PNMT, SLC5A5, SPRR3, CAPN9, LYPD3, SLC16A7, SSTR4, OXT, GPR3, HTR1B, KRT15, CPA2, TG, SPTBN2, DLK2, TCF7L1, TEX15, GP2, TGFB2, SMPX, KCND1, NR4A2, MFSD6, CYP39A1, AKR1B10, GPRC5C, EGF, RIBC2, CLDN8, CELSR2, SLC6A3, SLC25A23, KLK8, CHST2, TGM1, KRT13","HIV","Early Gestation"
"Apical junction",2.49359427709029e-06,3.24167256021737e-05,0.627256739718528,-0.573882837360597,-1.34627738706034,148,"CADM3, NFASC, CLDN4, ADAMTS5, FBN1, KCNH2, SPEG, COL16A1, CLDN19, ACTG2, CDH1, MYH10, ADAM23, DSC3, COL17A1, NRXN2, CERCAM, THY1, SLIT2, NLGN2, IRS1, VCAN, TRO, CDH3, CDH15, SGCE, PARD6G, SHROOM2, PPP2R2C, ALOX15B, MYL9, CDH11, LAYN, VCAM1, AMIGO1, ITGB4, TMEM8B, PARVA, GNAI1, VWF, GRB7, MMP2, ACTC1, CNTN1, CLDN5, CD34, NRTN, MPZL2, TNFRSF11B, LAMA3, EGFR, BMP1, JUP, COL9A1, KRT31, ADRA1B","HIV","Early Gestation"
"Myogenesis",6.76397167561628e-08,1.31897447674517e-06,0.704975715167238,-0.591852237716667,-1.38967389412193,152,"COL3A1, COL1A1, SGCD, CKMT2, GJA5, KCNH1, KCNH2, SPEG, TNNC1, GNAO1, LAMA2, APLNR, COL6A3, COL15A1, EFS, APOD, HSPB2, DES, LDB3, SORBS1, MYL4, IGFBP3, SOD3, MYH11, CACNA1H, FXYD1, WWTR1, TNNT3, FHL1, CLU, FST, ADAM12, TNNT2, COL6A2, ITGB4, PYGM, PTGIS, ABLIM1, CASQ1, SPARC, AEBP1, MYL3, SGCA, CNN3, COL4A2, ERBB3, COX7A1, PPFIA4, ACTC1, KLF5, DMPK, CRYAB, IGFBP7, TPM2, TPD52L1, TNNC2, TAGLN, CASQ2, MYL7, TNNT1, REEP1, EPHB3, MYH8, BDKRB2, HRC, ACTA1, SLC6A8, SCHIP1, ATP2A1, TNNI1, PTP4A3, PPP1R3C, SMTN, IGF1, STC2, CAMK2B, CFD, MYLK, ITGA7, ACTN3, CTF1, PC, HSPB8, MYH1, ADCY9, DMD, PFKM, SLN, PGAM2, GADD45B, NAV2, FOXO4, MYLPF, SVIL","HIV","Early Gestation"
"Epithelial mesenchymal transition",2.24062248955961e-20,8.73842770928249e-19,1.16906996676109,-0.706382068919254,-1.65710863629354,148,"COL11A1, COL3A1, COL1A1, COL1A2, SFRP1, FBN2, SGCD, FBN1, LOXL1, SLIT3, COL5A1, COL16A1, COMP, COL5A2, AREG, NID2, ECM2, MATN2, LAMA2, FBLN2, LUM, MEST, MGP, GAS1, FN1, GJA1, COL6A3, FMOD, DKK1, SPOCK1, ABI3BP, CALD1, THY1, SLIT2, FBLN5, SERPINE2, POSTN, VCAN, TIMP3, DCN, COL12A1, FBLN1, IGFBP3, CRLF1, BGN, FAP, APLP1, PCOLCE, HTRA1, DST, PCOLCE2, EDIL3, GPX7, MYL9, ADAM12, CDH11, COL6A2, PDGFRB, VCAM1, COL4A1, FSTL1, SGCB, ELN, CTHRC1, SPARC, TGFBR3, FSTL3, MAGEE1, CAP2, THBS2, MXRA5, COL4A2, IGFBP2, LRRC15, MMP2, GPC1, MATN3, MFAP5, TPM2, DPYSL3, IGFBP4, TNFRSF11B, LOX, LAMA3, ACTA2, PLOD2, BMP1, MSX1, SCG2, COL5A3, TAGLN, LAMA1, EFEMP2, THBS1, LOXL2, SNAI2, BASP1, CXCL12, PFN2, SERPINE1, COL7A1, SLC6A8","HIV","Early Gestation"
