"Symbol","Placenta_19","Placenta_47","Placenta_67","Placenta_179","Placenta_293","CMV_eg","HIV_eg","CMV_T","HIV_T"
"AAAS",NA,NA,NA,NA,NA,0,0,1,0
"AADACL2",NA,NA,NA,NA,NA,0,0,1,1
"AAR2",NA,NA,NA,NA,NA,0,0,1,0
"ABCC5",NA,NA,NA,NA,NA,0,0,1,0
"ABHD2",NA,NA,NA,NA,NA,0,0,1,0
"ABI3",NA,NA,NA,NA,NA,1,0,0,0
"ABLIM2",NA,NA,NA,NA,NA,1,1,0,0
"ACE2",NA,NA,NA,NA,NA,0,0,0,1
"ACER3",NA,NA,NA,NA,NA,0,0,1,0
"ACOD1",NA,NA,NA,NA,NA,1,0,0,0
"ACOX1",NA,NA,NA,NA,NA,0,0,1,0
"ACOX2",NA,NA,NA,NA,NA,1,0,1,0
"ACSM5",NA,NA,NA,NA,NA,0,0,1,0
"ACSS3",NA,NA,NA,NA,NA,0,0,0,1
"ACTG2",NA,NA,NA,NA,NA,1,1,0,0
"ACTN1",NA,NA,NA,NA,NA,0,0,1,0
"ADAM10",NA,NA,NA,NA,NA,0,0,1,0
"ADAM28",NA,NA,NA,NA,NA,0,0,1,0
"ADAM8",NA,NA,NA,NA,NA,1,0,0,0
"ADAMTS13",NA,NA,NA,NA,NA,0,1,0,0
"ADAMTS18",0,1,0,0,1,0,1,0,0
"ADAMTS19",0,1,0,0,1,0,0,0,1
"ADAMTS2",NA,NA,NA,NA,NA,0,1,0,0
"ADAMTS7",NA,NA,NA,NA,NA,1,1,0,0
"ADAMTSL3",NA,NA,NA,NA,NA,1,1,0,0
"ADAR",NA,NA,NA,NA,NA,0,0,1,0
"ADCY5",NA,NA,NA,NA,NA,0,1,0,0
"ADGRA2",NA,NA,NA,NA,NA,1,1,0,0
"ADGRB2",NA,NA,NA,NA,NA,0,1,0,0
"ADGRE1",NA,NA,NA,NA,NA,1,0,0,0
"ADGRF4",NA,NA,NA,NA,NA,0,0,0,1
"ADK",NA,NA,NA,NA,NA,0,0,1,0
"ADPRS",NA,NA,NA,NA,NA,0,0,1,0
"ADSS1",NA,NA,NA,NA,NA,0,1,0,0
"AEN",NA,NA,NA,NA,NA,0,0,1,0
"AFF2",0,0,0,1,1,0,0,0,1
"AGAP2",NA,NA,NA,NA,NA,1,0,0,0
"AGT",NA,NA,NA,NA,NA,1,0,0,0
"AGTR1",0,0,0,1,1,1,0,0,0
"AHNAK",NA,NA,NA,NA,NA,0,0,1,0
"AHNAK2",NA,NA,NA,NA,NA,1,1,0,0
"AIDA",NA,NA,NA,NA,NA,0,0,1,0
"AIM2",NA,NA,NA,NA,NA,0,0,1,0
"AK1",NA,NA,NA,NA,NA,0,0,1,0
"AKAP6",NA,NA,NA,NA,NA,1,1,0,0
"AKAP7",NA,NA,NA,NA,NA,0,0,1,0
"AKR1C1",NA,NA,NA,NA,NA,1,0,0,0
"AKT2",NA,NA,NA,NA,NA,0,0,1,0
"ALDH1A2",NA,NA,NA,NA,NA,0,0,1,0
"ALKBH7",NA,NA,NA,NA,NA,0,0,1,0
"AMBRA1",NA,NA,NA,NA,NA,0,0,1,0
"AMER1",NA,NA,NA,NA,NA,0,0,1,0
"AMH",NA,NA,NA,NA,NA,1,0,0,0
"AMOT",NA,NA,NA,NA,NA,0,1,0,0
"AMPD2",NA,NA,NA,NA,NA,0,0,1,0
"AMZ2",NA,NA,NA,NA,NA,0,0,1,0
"ANAPC16",NA,NA,NA,NA,NA,0,0,1,0
"ANGPT4",NA,NA,NA,NA,NA,1,1,0,0
"ANKIB1",NA,NA,NA,NA,NA,0,0,1,0
"ANKMY1",NA,NA,NA,NA,NA,0,0,1,0
"ANKRD16",NA,NA,NA,NA,NA,0,0,1,0
"ANKRD22",NA,NA,NA,NA,NA,1,1,0,0
"ANO2",NA,NA,NA,NA,NA,0,0,0,1
"ANXA2R",NA,NA,NA,NA,NA,0,0,1,0
"ANXA9",NA,NA,NA,NA,NA,0,0,1,0
"AOC3",NA,NA,NA,NA,NA,1,1,0,0
"AP1M2",NA,NA,NA,NA,NA,0,0,0,1
"APLP1",NA,NA,NA,NA,NA,1,1,0,0
"APOBEC3A_B",NA,NA,NA,NA,NA,0,0,1,0
"APOBEC3D",NA,NA,NA,NA,NA,1,0,1,0
"APOBEC3F",NA,NA,NA,NA,NA,0,0,1,0
"APOBEC3G",NA,NA,NA,NA,NA,0,0,1,0
"APOL1",NA,NA,NA,NA,NA,0,0,1,0
"APOL2",NA,NA,NA,NA,NA,0,0,1,1
"APOL3",NA,NA,NA,NA,NA,1,1,1,0
"APOL6",NA,NA,NA,NA,NA,1,1,1,1
"APPL2",NA,NA,NA,NA,NA,0,0,1,0
"AQP1",NA,NA,NA,NA,NA,1,1,0,0
"ARG1",NA,NA,NA,NA,NA,1,0,0,0
"ARHGAP28",0,1,0,0,1,1,0,0,0
"ARHGAP4",NA,NA,NA,NA,NA,0,0,1,0
"ARHGAP6",NA,NA,NA,NA,NA,0,0,1,0
"ARHGDIG",NA,NA,NA,NA,NA,1,0,0,0
"ARHGEF26",NA,NA,NA,NA,NA,0,0,0,1
"ARHGEF33",NA,NA,NA,NA,NA,1,0,0,0
"ARL3",NA,NA,NA,NA,NA,0,0,1,0
"ARMCX1",NA,NA,NA,NA,NA,0,0,1,0
"ART4",NA,NA,NA,NA,NA,1,0,0,1
"ASAH2B",NA,NA,NA,NA,NA,0,0,1,0
"ASCL2",NA,NA,NA,NA,NA,0,0,1,0
"ASGR1",NA,NA,NA,NA,NA,1,0,0,0
"ASPG",NA,NA,NA,NA,NA,0,1,0,0
"ASPHD2",NA,NA,NA,NA,NA,0,0,1,0
"ASPN",NA,NA,NA,NA,NA,1,1,1,1
"ATF5",NA,NA,NA,NA,NA,0,0,1,0
"ATG9A",NA,NA,NA,NA,NA,0,1,0,0
"ATG9B",0,0,0,1,1,1,1,0,0
"ATP10A",NA,NA,NA,NA,NA,0,0,1,0
"ATP12A",0,1,0,0,1,1,0,0,0
"ATP1A3",NA,NA,NA,NA,NA,0,0,1,0
"ATP2B4",NA,NA,NA,NA,NA,0,0,1,0
"ATP6AP2",NA,NA,NA,NA,NA,0,0,1,0
"ATP6V1B1",NA,NA,NA,NA,NA,1,1,0,0
"ATP6V1C2",NA,NA,NA,NA,NA,1,1,0,0
"ATP9B",NA,NA,NA,NA,NA,0,0,1,0
"ATPSCKMT",NA,NA,NA,NA,NA,0,0,1,0
"ATXN7",NA,NA,NA,NA,NA,0,0,1,0
"ATXN7L1",NA,NA,NA,NA,NA,1,0,1,0
"AVIL",NA,NA,NA,NA,NA,1,0,0,0
"AVPR1A",NA,NA,NA,NA,NA,0,0,0,1
"AZI2",NA,NA,NA,NA,NA,0,0,1,0
"AZIN2",NA,NA,NA,NA,NA,0,0,1,0
"B3GNT3",NA,NA,NA,NA,NA,0,1,0,0
"BARD1",NA,NA,NA,NA,NA,0,0,1,0
"BARX2",NA,NA,NA,NA,NA,1,0,0,0
"BATF2",NA,NA,NA,NA,NA,0,0,1,1
"BATF3",NA,NA,NA,NA,NA,0,0,1,0
"BAZ1A",NA,NA,NA,NA,NA,0,0,1,0
"BCAM",NA,NA,NA,NA,NA,1,1,0,0
"BCL2L13",NA,NA,NA,NA,NA,0,0,1,0
"BEND3",NA,NA,NA,NA,NA,0,0,1,0
"BGLAP",NA,NA,NA,NA,NA,1,0,0,0
"BLOC1S3",NA,NA,NA,NA,NA,0,0,1,0
"BLZF1",NA,NA,NA,NA,NA,0,0,1,0
"BMP5",0,0,1,0,1,1,1,0,0
"BMP7",NA,NA,NA,NA,NA,0,1,0,0
"BRD7",NA,NA,NA,NA,NA,0,0,1,0
"BRINP1",NA,NA,NA,NA,NA,1,0,0,0
"BST2",NA,NA,NA,NA,NA,0,0,1,0
"BTN2A2",NA,NA,NA,NA,NA,0,0,1,1
"BTN3A1",NA,NA,NA,NA,NA,0,0,1,0
"BTN3A3",NA,NA,NA,NA,NA,0,0,1,0
"C11orf86",NA,NA,NA,NA,NA,1,1,0,0
"C18orf25",NA,NA,NA,NA,NA,0,0,1,0
"C19orf38",NA,NA,NA,NA,NA,1,0,0,0
"C1GALT1",NA,NA,NA,NA,NA,0,0,1,0
"C1orf35",NA,NA,NA,NA,NA,0,0,1,0
"C1QB",NA,NA,NA,NA,NA,0,0,0,1
"C1QTNF3",NA,NA,NA,NA,NA,1,1,0,0
"C2orf49",NA,NA,NA,NA,NA,0,0,1,0
"C3orf14",NA,NA,NA,NA,NA,0,0,1,0
"C4B_2",NA,NA,NA,NA,NA,1,0,0,0
"C7",NA,NA,NA,NA,NA,1,1,0,0
"CABLES1",NA,NA,NA,NA,NA,0,0,1,0
"CACNA1A",NA,NA,NA,NA,NA,0,0,1,0
"CACNA2D2",NA,NA,NA,NA,NA,0,0,0,1
"CADM3",NA,NA,NA,NA,NA,1,1,0,0
"CADM4",NA,NA,NA,NA,NA,0,0,1,0
"CALCOCO2",NA,NA,NA,NA,NA,0,0,1,0
"CALHM6",NA,NA,NA,NA,NA,1,0,1,1
"CALM2",NA,NA,NA,NA,NA,0,0,1,0
"CALU",NA,NA,NA,NA,NA,0,0,1,0
"CAMK1",NA,NA,NA,NA,NA,0,0,1,0
"CAMKK1",NA,NA,NA,NA,NA,0,0,1,0
"CARD16",NA,NA,NA,NA,NA,0,0,1,1
"CASP1",NA,NA,NA,NA,NA,0,0,1,0
"CASP10",NA,NA,NA,NA,NA,0,0,1,0
"CASP3",NA,NA,NA,NA,NA,0,0,1,0
"CASP7",NA,NA,NA,NA,NA,0,0,1,0
"CASP8",NA,NA,NA,NA,NA,0,0,1,0
"CASS4",NA,NA,NA,NA,NA,0,0,1,0
"CBWD5",NA,NA,NA,NA,NA,0,0,1,0
"CBX5",NA,NA,NA,NA,NA,0,0,1,0
"CCDC117",NA,NA,NA,NA,NA,0,0,1,0
"CCDC32",NA,NA,NA,NA,NA,0,0,1,0
"CCDC57",NA,NA,NA,NA,NA,0,0,1,0
"CCDC71L",NA,NA,NA,NA,NA,1,0,0,0
"CCDC9B",NA,NA,NA,NA,NA,0,0,1,0
"CCL18",NA,NA,NA,NA,NA,1,0,0,0
"CCL4",NA,NA,NA,NA,NA,0,0,1,0
"CCL8",NA,NA,NA,NA,NA,0,1,1,0
"CCM2L",NA,NA,NA,NA,NA,1,0,0,0
"CCN4",NA,NA,NA,NA,NA,0,1,0,0
"CCN5",NA,NA,NA,NA,NA,1,1,0,0
"CCN6",NA,NA,NA,NA,NA,1,0,0,0
"CCNA1",NA,NA,NA,NA,NA,0,0,1,0
"CCNI",NA,NA,NA,NA,NA,0,0,1,0
"CCNJ",NA,NA,NA,NA,NA,0,0,1,0
"CCNK",NA,NA,NA,NA,NA,0,0,1,0
"CCNY",NA,NA,NA,NA,NA,0,0,1,0
"CCP110",NA,NA,NA,NA,NA,0,0,1,0
"CCR7",NA,NA,NA,NA,NA,1,0,0,0
"CD163L1",NA,NA,NA,NA,NA,0,0,1,0
"CD180",NA,NA,NA,NA,NA,0,0,1,0
"CD244",NA,NA,NA,NA,NA,1,0,0,0
"CD247",NA,NA,NA,NA,NA,1,0,0,0
"CD27",NA,NA,NA,NA,NA,1,0,0,0
"CD274",NA,NA,NA,NA,NA,0,0,1,0
"CD28",0,1,0,0,1,0,0,1,0
"CD2AP",NA,NA,NA,NA,NA,0,0,1,0
"CD300H",NA,NA,NA,NA,NA,1,0,0,0
"CD300LB",NA,NA,NA,NA,NA,0,0,1,0
"CD300LG",0,0,0,1,1,0,0,0,1
"CD302",NA,NA,NA,NA,NA,0,0,1,0
"CD36",NA,NA,NA,NA,NA,0,0,1,0
"CD38",NA,NA,NA,NA,NA,0,0,1,0
"CD5",NA,NA,NA,NA,NA,1,0,0,0
"CD6",NA,NA,NA,NA,NA,1,0,0,0
"CD74",NA,NA,NA,NA,NA,1,1,0,1
"CD80",NA,NA,NA,NA,NA,0,0,1,0
"CD8A",NA,NA,NA,NA,NA,1,0,0,0
"CD96",NA,NA,NA,NA,NA,1,0,0,0
"CDA",NA,NA,NA,NA,NA,0,0,1,0
"CDC27",NA,NA,NA,NA,NA,0,0,1,0
"CDC73",NA,NA,NA,NA,NA,0,0,1,0
"CDK6",NA,NA,NA,NA,NA,0,0,1,0
"CDKN2A",NA,NA,NA,NA,NA,1,0,0,0
"CDON",NA,NA,NA,NA,NA,1,1,0,0
"CEBPZOS",NA,NA,NA,NA,NA,0,0,1,0
"CELSR1",NA,NA,NA,NA,NA,0,0,1,0
"CERK",NA,NA,NA,NA,NA,0,0,1,0
"CETP",0,1,0,0,1,0,0,0,1
"CFB",NA,NA,NA,NA,NA,0,0,1,0
"CGAS",NA,NA,NA,NA,NA,0,0,1,0
"CHAT",0,0,0,1,1,1,1,0,0
"CHMP5",NA,NA,NA,NA,NA,0,0,1,0
"CHODL",NA,NA,NA,NA,NA,0,0,0,1
"CHP1",NA,NA,NA,NA,NA,0,0,1,0
"CHRNA3",NA,NA,NA,NA,NA,1,0,0,0
"CHRNB1",NA,NA,NA,NA,NA,0,0,1,0
"CIDEB",NA,NA,NA,NA,NA,0,0,1,0
"CIITA",NA,NA,NA,NA,NA,1,1,0,1
"CIR1",NA,NA,NA,NA,NA,0,0,1,0
"CISH",NA,NA,NA,NA,NA,0,1,0,0
"CKMT1A",NA,NA,NA,NA,NA,1,1,0,0
"CKMT1B",NA,NA,NA,NA,NA,0,1,0,0
"CKMT2",NA,NA,NA,NA,NA,0,1,0,0
"CLCN5",NA,NA,NA,NA,NA,0,0,1,0
"CLCNKA",NA,NA,NA,NA,NA,1,0,0,0
"CLDN23",NA,NA,NA,NA,NA,0,0,1,0
"CLEC10A",NA,NA,NA,NA,NA,1,1,0,0
"CLEC5A",NA,NA,NA,NA,NA,0,0,1,0
"CMPK2",NA,NA,NA,NA,NA,0,0,1,0
"CMTR1",NA,NA,NA,NA,NA,0,0,1,0
"CNGA3",NA,NA,NA,NA,NA,1,0,0,0
"CNOT4",NA,NA,NA,NA,NA,0,0,1,0
"CNP",NA,NA,NA,NA,NA,0,0,1,0
"CNRIP1",NA,NA,NA,NA,NA,0,0,1,0
"CNTFR",NA,NA,NA,NA,NA,1,1,0,0
"CNTN6",NA,NA,NA,NA,NA,1,1,1,1
"CNTNAP2",NA,NA,NA,NA,NA,1,0,0,0
"COL11A1",0,0,0,1,1,1,1,0,1
"COL14A1",NA,NA,NA,NA,NA,1,1,0,0
"COL15A1",0,0,0,1,1,1,1,0,0
"COL16A1",NA,NA,NA,NA,NA,1,1,0,0
"COL1A1",NA,NA,NA,NA,NA,1,1,0,0
"COL1A2",NA,NA,NA,NA,NA,1,1,0,0
"COL21A1",0,0,0,1,1,1,1,0,1
"COL3A1",0,0,0,1,1,1,1,0,0
"COL4A1",0,0,0,1,1,0,1,0,0
"COL5A1",NA,NA,NA,NA,NA,1,1,0,0
"COL5A2",NA,NA,NA,NA,NA,1,1,0,0
"COL6A6",NA,NA,NA,NA,NA,1,1,0,0
"COL9A3",NA,NA,NA,NA,NA,1,1,0,0
"COLEC12",NA,NA,NA,NA,NA,0,0,1,0
"COTL1",NA,NA,NA,NA,NA,0,0,1,0
"COX4I2",0,0,0,1,1,1,0,0,0
"CPA1",NA,NA,NA,NA,NA,1,1,0,0
"CPEB3",NA,NA,NA,NA,NA,0,0,1,0
"CPN2",NA,NA,NA,NA,NA,1,1,0,0
"CPOX",NA,NA,NA,NA,NA,0,0,1,0
"CR1",NA,NA,NA,NA,NA,0,0,1,0
"CR1L",NA,NA,NA,NA,NA,0,0,1,0
"CRABP1",NA,NA,NA,NA,NA,1,1,0,0
"CRB2",NA,NA,NA,NA,NA,1,0,0,0
"CRLF2",NA,NA,NA,NA,NA,1,0,0,0
"CSF1R",0,0,0,1,1,0,0,1,0
"CSF2RB",NA,NA,NA,NA,NA,0,0,1,0
"CSGALNACT1",NA,NA,NA,NA,NA,0,1,0,0
"CSRNP3",NA,NA,NA,NA,NA,0,1,0,0
"CST2",NA,NA,NA,NA,NA,1,0,0,0
"CST7",NA,NA,NA,NA,NA,1,0,0,0
"CTDSP1",NA,NA,NA,NA,NA,0,0,1,0
"CTLA4",NA,NA,NA,NA,NA,1,0,0,0
"CTSW",NA,NA,NA,NA,NA,1,0,0,0
"CWF19L2",NA,NA,NA,NA,NA,0,0,1,0
"CXCL10",NA,NA,NA,NA,NA,0,1,0,0
"CXCL11",NA,NA,NA,NA,NA,1,1,1,0
"CXCR3",NA,NA,NA,NA,NA,1,0,0,0
"CXCR4",NA,NA,NA,NA,NA,0,0,1,1
"CXXC5",NA,NA,NA,NA,NA,0,0,1,0
"CYGB",NA,NA,NA,NA,NA,0,0,1,0
"CYLD",NA,NA,NA,NA,NA,0,0,1,0
"CYP26A1",NA,NA,NA,NA,NA,0,0,0,1
"CYP27A1",NA,NA,NA,NA,NA,0,0,1,0
"CYP27B1",NA,NA,NA,NA,NA,1,1,0,0
"CYP2W1",NA,NA,NA,NA,NA,1,1,0,0
"CYP4F11",NA,NA,NA,NA,NA,1,0,0,0
"CYTL1",0,0,0,1,1,1,0,0,0
"DAB2",0,0,0,1,1,0,0,1,0
"DAPP1",NA,NA,NA,NA,NA,0,0,1,1
"DBF4B",NA,NA,NA,NA,NA,0,0,1,0
"DBNDD1",NA,NA,NA,NA,NA,0,0,1,0
"DBNDD2",NA,NA,NA,NA,NA,0,0,1,0
"DCP1A",NA,NA,NA,NA,NA,0,0,1,0
"DDAH2",NA,NA,NA,NA,NA,0,0,1,0
"DDX3Y",NA,NA,NA,NA,NA,0,0,0,1
"DDX58",NA,NA,NA,NA,NA,0,0,1,0
"DDX60",NA,NA,NA,NA,NA,0,0,1,0
"DENND1B",NA,NA,NA,NA,NA,0,0,1,0
"DEPTOR",NA,NA,NA,NA,NA,0,0,1,0
"DERL1",NA,NA,NA,NA,NA,0,0,1,0
"DFFA",NA,NA,NA,NA,NA,0,0,1,0
"DHCR24",NA,NA,NA,NA,NA,0,0,1,0
"DHX58",NA,NA,NA,NA,NA,0,0,1,0
"DIP2C",NA,NA,NA,NA,NA,0,0,1,0
"DLK1",0,1,0,0,1,1,1,0,0
"DNAAF1",NA,NA,NA,NA,NA,0,0,1,0
"DNAAF9",NA,NA,NA,NA,NA,0,0,1,0
"DNAJA1",NA,NA,NA,NA,NA,0,0,1,0
"DNAJA4",NA,NA,NA,NA,NA,0,0,1,0
"DNAJC10",NA,NA,NA,NA,NA,0,0,1,0
"DNAJC3",NA,NA,NA,NA,NA,0,0,1,0
"DNPEP",NA,NA,NA,NA,NA,0,0,1,0
"DPM3",NA,NA,NA,NA,NA,0,0,1,0
"DPPA4",NA,NA,NA,NA,NA,0,1,0,0
"DRAXIN",NA,NA,NA,NA,NA,1,0,0,0
"DRD1",NA,NA,NA,NA,NA,1,0,0,0
"DRD2",NA,NA,NA,NA,NA,1,1,0,0
"DROSHA",NA,NA,NA,NA,NA,0,0,1,0
"DTWD1",NA,NA,NA,NA,NA,0,0,1,0
"DTX3L",NA,NA,NA,NA,NA,0,0,1,0
"DUSP9",0,1,0,0,1,1,1,0,0
"DYNC2H1",NA,NA,NA,NA,NA,0,0,1,0
"DYNLT1",NA,NA,NA,NA,NA,0,0,1,0
"DYRK1B",NA,NA,NA,NA,NA,0,0,0,1
"DYRK2",NA,NA,NA,NA,NA,0,0,1,0
"EBAG9",NA,NA,NA,NA,NA,0,0,1,0
"ECM2",NA,NA,NA,NA,NA,0,0,1,0
"ECRG4",NA,NA,NA,NA,NA,1,1,1,1
"EDN3",NA,NA,NA,NA,NA,1,1,0,0
"EFCAB1",NA,NA,NA,NA,NA,0,1,0,0
"EGFL6",0,0,1,0,1,1,1,0,0
"EGFLAM",NA,NA,NA,NA,NA,0,1,0,0
"EIF2AK2",NA,NA,NA,NA,NA,0,0,1,0
"EIF3L",NA,NA,NA,NA,NA,0,0,1,0
"EIF4EBP1",NA,NA,NA,NA,NA,0,0,1,0
"EIF4G2",NA,NA,NA,NA,NA,0,0,1,0
"EIF4G3",NA,NA,NA,NA,NA,0,0,1,0
"ELAVL4",NA,NA,NA,NA,NA,0,0,1,1
"ELF1",NA,NA,NA,NA,NA,0,0,1,0
"ELF4",NA,NA,NA,NA,NA,0,0,1,0
"ELL2",NA,NA,NA,NA,NA,0,0,1,0
"ELOVL2",0,0,0,1,1,1,1,0,0
"EMID1",NA,NA,NA,NA,NA,1,0,0,0
"EML3",NA,NA,NA,NA,NA,0,0,1,0
"ENTPD5",NA,NA,NA,NA,NA,0,0,1,0
"EOMES",NA,NA,NA,NA,NA,1,0,0,0
"EPB41L1",NA,NA,NA,NA,NA,0,0,1,0
"EPHA3",NA,NA,NA,NA,NA,1,1,0,1
"EPHB1",NA,NA,NA,NA,NA,1,0,0,0
"EPN3",NA,NA,NA,NA,NA,1,0,0,0
"EPSTI1",NA,NA,NA,NA,NA,0,0,1,0
"ERCC8",NA,NA,NA,NA,NA,1,0,0,0
"ERGIC1",NA,NA,NA,NA,NA,0,0,1,0
"ERICH1",NA,NA,NA,NA,NA,0,0,1,0
"ERP29",NA,NA,NA,NA,NA,0,0,1,0
"ERP44",NA,NA,NA,NA,NA,0,0,1,0
"ESRP2",NA,NA,NA,NA,NA,0,1,0,0
"ETV7",NA,NA,NA,NA,NA,1,1,1,1
"EXOC2",NA,NA,NA,NA,NA,0,0,1,0
"EXOSC9",NA,NA,NA,NA,NA,0,0,1,0
"EYA2",NA,NA,NA,NA,NA,0,0,1,0
"FABP5",NA,NA,NA,NA,NA,0,0,1,0
"FADS1",NA,NA,NA,NA,NA,0,0,1,0
"FAM107B",NA,NA,NA,NA,NA,0,0,1,0
"FAM200B",NA,NA,NA,NA,NA,0,0,1,0
"FAM216A",NA,NA,NA,NA,NA,0,0,1,0
"FAM72A",NA,NA,NA,NA,NA,0,0,1,0
"FAM72B",NA,NA,NA,NA,NA,0,0,1,0
"FAM76B",NA,NA,NA,NA,NA,0,0,1,0
"FAM89B",NA,NA,NA,NA,NA,0,0,1,0
"FANCA",NA,NA,NA,NA,NA,0,0,1,0
"FANCL",NA,NA,NA,NA,NA,0,0,1,0
"FASN",NA,NA,NA,NA,NA,0,0,1,0
"FBN1",0,0,0,1,1,0,1,0,0
"FBN2",0,0,1,0,1,1,1,0,0
"FBP1",NA,NA,NA,NA,NA,0,0,1,0
"FBXO6",NA,NA,NA,NA,NA,0,0,1,0
"FBXO7",NA,NA,NA,NA,NA,0,0,1,0
"FCHSD2",NA,NA,NA,NA,NA,0,0,1,0
"FDPS",NA,NA,NA,NA,NA,0,0,1,0
"FEM1C",NA,NA,NA,NA,NA,0,0,1,0
"FFAR2",NA,NA,NA,NA,NA,0,0,1,0
"FGA",NA,NA,NA,NA,NA,1,1,0,0
"FGB",NA,NA,NA,NA,NA,1,0,0,1
"FGD5",NA,NA,NA,NA,NA,0,0,1,0
"FGFR2",NA,NA,NA,NA,NA,1,1,0,0
"FGFR3",NA,NA,NA,NA,NA,1,1,0,0
"FGL1",NA,NA,NA,NA,NA,0,0,1,0
"FHOD1",NA,NA,NA,NA,NA,0,0,1,0
"FIBIN",NA,NA,NA,NA,NA,1,1,0,0
"FILIP1",NA,NA,NA,NA,NA,1,1,0,0
"FITM2",NA,NA,NA,NA,NA,0,0,1,0
"FKBP1B",NA,NA,NA,NA,NA,0,0,1,0
"FKRP",NA,NA,NA,NA,NA,0,0,1,0
"FLNA",NA,NA,NA,NA,NA,0,0,1,0
"FLRT2",NA,NA,NA,NA,NA,0,0,1,0
"FLRT3",NA,NA,NA,NA,NA,0,1,0,0
"FMO1",NA,NA,NA,NA,NA,0,1,0,0
"FMR1",NA,NA,NA,NA,NA,0,0,1,0
"FOXF1",NA,NA,NA,NA,NA,1,0,0,0
"FOXI3",0,1,0,0,1,1,1,0,0
"FOXN3",NA,NA,NA,NA,NA,0,0,1,0
"FREM1",NA,NA,NA,NA,NA,0,0,0,1
"FREM2",NA,NA,NA,NA,NA,1,1,0,0
"FRZB",NA,NA,NA,NA,NA,1,1,0,0
"FSCN1",NA,NA,NA,NA,NA,0,0,1,0
"FSIP2",NA,NA,NA,NA,NA,1,0,0,0
"FUT4",NA,NA,NA,NA,NA,0,0,1,0
"FUT7",NA,NA,NA,NA,NA,1,0,0,0
"FXYD6",NA,NA,NA,NA,NA,0,0,1,0
"FYTTD1",NA,NA,NA,NA,NA,0,0,1,0
"GABPA",NA,NA,NA,NA,NA,0,0,1,0
"GALNT11",NA,NA,NA,NA,NA,0,0,1,0
"GALNT18",NA,NA,NA,NA,NA,1,0,0,0
"GAPT",NA,NA,NA,NA,NA,1,0,0,0
"GASK1B",NA,NA,NA,NA,NA,0,0,1,0
"GATA4",NA,NA,NA,NA,NA,1,1,0,0
"GATA5",NA,NA,NA,NA,NA,0,1,0,0
"GATD1",NA,NA,NA,NA,NA,0,0,1,0
"GATM",NA,NA,NA,NA,NA,0,0,1,0
"GBP1",NA,NA,NA,NA,NA,1,1,1,1
"GBP2",NA,NA,NA,NA,NA,1,1,1,1
"GBP3",NA,NA,NA,NA,NA,0,0,1,1
"GBP4",NA,NA,NA,NA,NA,1,1,1,1
"GBP5",NA,NA,NA,NA,NA,0,1,1,1
"GCH1",NA,NA,NA,NA,NA,0,0,1,0
"GCNT2",NA,NA,NA,NA,NA,0,0,1,0
"GDF6",0,0,0,1,1,1,1,0,0
"GET1",NA,NA,NA,NA,NA,0,0,1,0
"GFAP",NA,NA,NA,NA,NA,1,0,0,0
"GFI1",NA,NA,NA,NA,NA,1,0,0,0
"GGTA1",NA,NA,NA,NA,NA,0,0,1,0
"GIMAP1",NA,NA,NA,NA,NA,0,0,0,1
"GIMAP2",NA,NA,NA,NA,NA,0,0,1,0
"GIMAP4",NA,NA,NA,NA,NA,0,0,1,0
"GIMAP6",NA,NA,NA,NA,NA,0,0,0,1
"GIMAP7",NA,NA,NA,NA,NA,1,1,0,0
"GIMAP8",NA,NA,NA,NA,NA,0,0,0,1
"GJA4",NA,NA,NA,NA,NA,1,1,0,0
"GLIPR1",NA,NA,NA,NA,NA,0,0,1,0
"GLIPR1L2",NA,NA,NA,NA,NA,0,0,1,0
"GLP2R",NA,NA,NA,NA,NA,1,0,0,0
"GMCL1",NA,NA,NA,NA,NA,0,0,1,0
"GMPR",NA,NA,NA,NA,NA,0,0,1,0
"GNAQ",NA,NA,NA,NA,NA,0,0,1,0
"GNGT2",NA,NA,NA,NA,NA,1,0,0,0
"GOLGA4",NA,NA,NA,NA,NA,0,0,1,0
"GORASP1",NA,NA,NA,NA,NA,0,0,1,0
"GPA33",NA,NA,NA,NA,NA,1,0,0,0
"GPATCH1",NA,NA,NA,NA,NA,0,0,1,0
"GPBAR1",NA,NA,NA,NA,NA,1,0,0,0
"GPBP1",NA,NA,NA,NA,NA,0,0,1,0
"GPC3",0,0,1,0,1,1,1,0,0
"GPLD1",NA,NA,NA,NA,NA,1,1,0,0
"GPR157",NA,NA,NA,NA,NA,0,0,1,0
"GPR180",NA,NA,NA,NA,NA,0,0,1,0
"GPR34",0,0,0,1,1,0,0,1,0
"GPRC5B",NA,NA,NA,NA,NA,0,0,1,0
"GPRIN1",NA,NA,NA,NA,NA,0,0,1,0
"GPRIN3",NA,NA,NA,NA,NA,0,0,1,0
"GPX3",NA,NA,NA,NA,NA,0,0,1,0
"GRAMD4",NA,NA,NA,NA,NA,0,0,1,0
"GRAP2",NA,NA,NA,NA,NA,1,0,0,0
"GRID1",NA,NA,NA,NA,NA,0,0,0,1
"GRIK2",NA,NA,NA,NA,NA,0,0,0,1
"GRIN2C",NA,NA,NA,NA,NA,0,0,1,0
"GRIPAP1",NA,NA,NA,NA,NA,0,0,1,0
"GSDMD",NA,NA,NA,NA,NA,0,0,1,0
"GSN",NA,NA,NA,NA,NA,0,0,1,0
"GTF2B",NA,NA,NA,NA,NA,0,0,1,0
"GTF2F1",NA,NA,NA,NA,NA,0,0,1,0
"GTPBP1",NA,NA,NA,NA,NA,0,0,1,0
"GUCY1A1",NA,NA,NA,NA,NA,1,0,0,0
"GYG2",NA,NA,NA,NA,NA,1,0,0,0
"GYPC",NA,NA,NA,NA,NA,1,0,0,0
"GZMB",NA,NA,NA,NA,NA,1,0,0,0
"H2AC18",NA,NA,NA,NA,NA,0,0,1,0
"H2AZ1",NA,NA,NA,NA,NA,0,0,1,0
"H2AZ2",NA,NA,NA,NA,NA,0,0,1,0
"H3-3A",NA,NA,NA,NA,NA,0,0,1,0
"H4C11",NA,NA,NA,NA,NA,1,1,0,0
"HACD3",NA,NA,NA,NA,NA,0,0,1,0
"HCFC1R1",NA,NA,NA,NA,NA,0,0,1,0
"HDAC4",NA,NA,NA,NA,NA,0,0,1,0
"HDAC6",NA,NA,NA,NA,NA,0,0,1,0
"HDX",NA,NA,NA,NA,NA,1,0,1,0
"HELZ2",NA,NA,NA,NA,NA,0,0,1,0
"HERC5",NA,NA,NA,NA,NA,0,0,1,0
"HERC6",NA,NA,NA,NA,NA,0,0,1,0
"HERPUD2",NA,NA,NA,NA,NA,0,0,1,0
"HESX1",NA,NA,NA,NA,NA,0,0,1,0
"HEY2",NA,NA,NA,NA,NA,0,1,0,0
"HEYL",NA,NA,NA,NA,NA,0,1,0,0
"HGF",0,0,1,0,1,1,1,0,0
"HHEX",NA,NA,NA,NA,NA,0,0,1,0
"HIF1A",NA,NA,NA,NA,NA,0,0,0,1
"HIF3A",NA,NA,NA,NA,NA,1,1,0,0
"HIGD1B",0,0,0,1,1,0,1,0,0
"HIP1",NA,NA,NA,NA,NA,0,0,1,0
"HIRA",NA,NA,NA,NA,NA,0,0,1,0
"HLA-C",NA,NA,NA,NA,NA,0,0,1,0
"HLA-DMA",NA,NA,NA,NA,NA,1,1,0,1
"HLA-DMB",NA,NA,NA,NA,NA,1,1,0,0
"HLA-DOA",NA,NA,NA,NA,NA,1,1,0,1
"HLA-DPA1",NA,NA,NA,NA,NA,1,1,0,1
"HLA-DPB1",NA,NA,NA,NA,NA,1,1,0,1
"HLA-DQA1",NA,NA,NA,NA,NA,1,1,0,1
"HLA-DQB1",NA,NA,NA,NA,NA,1,1,0,0
"HLA-DRA",NA,NA,NA,NA,NA,1,1,0,1
"HLA-DRB1",NA,NA,NA,NA,NA,1,1,0,1
"HLA-DRB3",NA,NA,NA,NA,NA,1,1,0,0
"HLA-DRB5",NA,NA,NA,NA,NA,0,1,0,0
"HLA-E",NA,NA,NA,NA,NA,0,1,1,0
"HLA-F",NA,NA,NA,NA,NA,0,0,1,0
"HMCN1",NA,NA,NA,NA,NA,1,1,0,0
"HMG20B",NA,NA,NA,NA,NA,0,0,1,0
"HMGA2",NA,NA,NA,NA,NA,1,0,0,0
"HMGB1",NA,NA,NA,NA,NA,0,0,1,0
"HMGCR",NA,NA,NA,NA,NA,0,0,1,0
"HOOK3",NA,NA,NA,NA,NA,0,0,1,0
"HOXA13",0,0,0,1,1,1,1,0,0
"HOXC6",NA,NA,NA,NA,NA,0,0,0,1
"HPCAL1",NA,NA,NA,NA,NA,0,0,1,0
"HPSE",NA,NA,NA,NA,NA,0,0,1,0
"HR",NA,NA,NA,NA,NA,0,1,0,0
"HS2ST1",NA,NA,NA,NA,NA,0,0,1,0
"HSD17B2",0,1,0,0,1,1,1,0,0
"HSD17B6",NA,NA,NA,NA,NA,1,0,0,0
"HSF2BP",NA,NA,NA,NA,NA,1,0,0,0
"HSH2D",NA,NA,NA,NA,NA,0,1,1,0
"HSPG2",NA,NA,NA,NA,NA,0,1,0,0
"HUS1",NA,NA,NA,NA,NA,0,0,1,0
"HYAL2",NA,NA,NA,NA,NA,0,0,1,0
"IARS1",NA,NA,NA,NA,NA,0,0,1,0
"ICMT",NA,NA,NA,NA,NA,0,0,1,0
"ID2",NA,NA,NA,NA,NA,0,0,1,0
"IDO1",0,0,0,1,1,0,0,1,0
"IER5L",NA,NA,NA,NA,NA,0,0,1,0
"IFI35",NA,NA,NA,NA,NA,0,0,1,0
"IFI44",NA,NA,NA,NA,NA,0,0,1,0
"IFI44L",NA,NA,NA,NA,NA,0,0,1,0
"IFI6",NA,NA,NA,NA,NA,0,0,1,0
"IFIH1",NA,NA,NA,NA,NA,0,0,1,0
"IFIT1",NA,NA,NA,NA,NA,0,0,1,0
"IFIT1B",NA,NA,NA,NA,NA,0,0,1,0
"IFIT2",NA,NA,NA,NA,NA,0,0,1,1
"IFIT3",NA,NA,NA,NA,NA,0,0,1,1
"IFIT5",NA,NA,NA,NA,NA,0,0,1,0
"IFITM3",NA,NA,NA,NA,NA,0,0,1,0
"IFNA1",NA,NA,NA,NA,NA,0,0,1,0
"IFNA13",NA,NA,NA,NA,NA,0,0,1,0
"IFNA2",NA,NA,NA,NA,NA,0,0,1,0
"IFNB1",NA,NA,NA,NA,NA,0,0,1,0
"IFNG",NA,NA,NA,NA,NA,1,0,0,0
"IFT122",NA,NA,NA,NA,NA,0,0,1,0
"IGDCC4",NA,NA,NA,NA,NA,1,1,0,0
"IGSF8",NA,NA,NA,NA,NA,0,0,1,0
"IKBIP",NA,NA,NA,NA,NA,0,0,1,0
"IKZF3",NA,NA,NA,NA,NA,1,0,0,0
"IL10",NA,NA,NA,NA,NA,1,0,0,0
"IL11RA",NA,NA,NA,NA,NA,0,1,0,0
"IL12A",NA,NA,NA,NA,NA,1,0,0,0
"IL12RB1",NA,NA,NA,NA,NA,0,0,0,1
"IL13RA1",NA,NA,NA,NA,NA,0,0,1,0
"IL13RA2",NA,NA,NA,NA,NA,1,0,0,0
"IL15RA",NA,NA,NA,NA,NA,1,1,1,0
"IL21R",NA,NA,NA,NA,NA,1,0,0,0
"IL27",NA,NA,NA,NA,NA,0,0,1,1
"IL2RA",NA,NA,NA,NA,NA,1,0,0,0
"IL34",NA,NA,NA,NA,NA,0,1,0,0
"IL36RN",NA,NA,NA,NA,NA,1,0,0,0
"IL7R",NA,NA,NA,NA,NA,1,0,0,0
"IMPA2",NA,NA,NA,NA,NA,0,0,1,0
"INKA2",NA,NA,NA,NA,NA,0,0,1,0
"INMT",NA,NA,NA,NA,NA,1,1,0,0
"INPPL1",NA,NA,NA,NA,NA,0,0,1,0
"INSYN1",NA,NA,NA,NA,NA,1,1,0,0
"INSYN2B",NA,NA,NA,NA,NA,1,0,0,0
"IP6K3",NA,NA,NA,NA,NA,1,1,0,0
"IQCN",NA,NA,NA,NA,NA,1,1,0,0
"IQSEC2",NA,NA,NA,NA,NA,0,0,1,0
"IRF1",NA,NA,NA,NA,NA,1,1,1,1
"IRF2",NA,NA,NA,NA,NA,0,0,1,0
"IRF7",NA,NA,NA,NA,NA,0,0,1,0
"ISG15",NA,NA,NA,NA,NA,0,0,1,0
"ISG20",NA,NA,NA,NA,NA,0,0,1,0
"ISY1-RAB43",NA,NA,NA,NA,NA,0,0,1,0
"ITGA11",NA,NA,NA,NA,NA,1,1,0,0
"ITGAV",NA,NA,NA,NA,NA,0,0,1,0
"ITIH5",NA,NA,NA,NA,NA,0,1,0,0
"IVNS1ABP",NA,NA,NA,NA,NA,0,0,1,0
"JADE2",NA,NA,NA,NA,NA,0,1,1,0
"JAK2",NA,NA,NA,NA,NA,0,0,1,1
"JAML",NA,NA,NA,NA,NA,0,0,1,0
"JMJD8",NA,NA,NA,NA,NA,0,0,1,0
"KAT2B",NA,NA,NA,NA,NA,0,0,1,0
"KAZALD1",NA,NA,NA,NA,NA,0,1,0,0
"KCNA4",NA,NA,NA,NA,NA,1,1,0,1
"KCNB1",NA,NA,NA,NA,NA,1,0,0,0
"KCND2",NA,NA,NA,NA,NA,0,0,1,0
"KCNH2",NA,NA,NA,NA,NA,1,0,0,1
"KCNJ2",NA,NA,NA,NA,NA,0,1,0,0
"KCNK6",NA,NA,NA,NA,NA,0,0,1,0
"KCTD12",NA,NA,NA,NA,NA,0,0,1,0
"KCTD20",NA,NA,NA,NA,NA,0,0,1,0
"KDM4A",NA,NA,NA,NA,NA,0,0,1,0
"KDM6A",NA,NA,NA,NA,NA,0,0,1,0
"KIAA0232",NA,NA,NA,NA,NA,0,0,1,0
"KIAA0754",NA,NA,NA,NA,NA,0,0,1,0
"KIAA1958",NA,NA,NA,NA,NA,0,0,1,0
"KIF17",NA,NA,NA,NA,NA,0,0,1,0
"KIF1C",NA,NA,NA,NA,NA,0,0,1,0
"KIF26A",NA,NA,NA,NA,NA,0,1,0,0
"KIF26B",NA,NA,NA,NA,NA,0,1,0,0
"KIFC2",NA,NA,NA,NA,NA,0,0,1,0
"KIR2DL1",NA,NA,NA,NA,NA,1,0,0,0
"KIR2DL3",NA,NA,NA,NA,NA,1,0,0,0
"KIR2DL4",NA,NA,NA,NA,NA,0,0,1,0
"KLHDC3",NA,NA,NA,NA,NA,0,0,1,0
"KLHDC7B",NA,NA,NA,NA,NA,1,0,1,1
"KLHL22",NA,NA,NA,NA,NA,0,0,1,0
"KLHL26",NA,NA,NA,NA,NA,0,0,1,0
"KLK10",NA,NA,NA,NA,NA,0,0,1,0
"KLRC1",NA,NA,NA,NA,NA,1,0,0,0
"KLRC2",NA,NA,NA,NA,NA,1,0,0,0
"KRT33B",NA,NA,NA,NA,NA,1,0,0,0
"KRT80",NA,NA,NA,NA,NA,0,0,0,1
"LAMA2",0,0,0,1,1,1,1,0,0
"LAMA5",NA,NA,NA,NA,NA,0,1,0,0
"LAMC3",0,0,0,1,1,1,1,0,0
"LAMP3",NA,NA,NA,NA,NA,0,1,0,0
"LAP3",NA,NA,NA,NA,NA,0,0,1,0
"LARGE2",0,0,0,1,1,1,1,0,0
"LARP7",NA,NA,NA,NA,NA,0,0,1,0
"LCK",NA,NA,NA,NA,NA,1,0,0,0
"LDB3",NA,NA,NA,NA,NA,1,0,0,1
"LDHA",NA,NA,NA,NA,NA,0,0,1,0
"LDLRAD4",NA,NA,NA,NA,NA,0,0,1,0
"LEFTY2",NA,NA,NA,NA,NA,1,1,0,0
"LFNG",NA,NA,NA,NA,NA,0,0,1,0
"LGALS12",NA,NA,NA,NA,NA,0,0,1,0
"LGALS9C",NA,NA,NA,NA,NA,1,0,0,0
"LGI2",NA,NA,NA,NA,NA,0,0,0,1
"LGI4",NA,NA,NA,NA,NA,0,1,0,0
"LGR4",NA,NA,NA,NA,NA,1,1,0,0
"LGR5",0,0,0,1,1,1,1,0,0
"LIMK2",NA,NA,NA,NA,NA,1,0,0,0
"LIMS1",NA,NA,NA,NA,NA,0,0,1,0
"LIN28B",0,0,1,0,1,0,1,0,0
"LIN52",NA,NA,NA,NA,NA,0,0,1,0
"LINGO1",NA,NA,NA,NA,NA,1,0,0,0
"LINS1",NA,NA,NA,NA,NA,1,0,0,0
"LMNB1",NA,NA,NA,NA,NA,1,0,0,0
"LMO2",NA,NA,NA,NA,NA,0,0,1,0
"LNX1",NA,NA,NA,NA,NA,0,0,0,1
"LOC102724788",NA,NA,NA,NA,NA,0,1,0,0
"LOC105373989",NA,NA,NA,NA,NA,1,0,0,0
"LOC112267876",NA,NA,NA,NA,NA,1,1,0,0
"LOC401040",NA,NA,NA,NA,NA,1,0,0,0
"LOC728392",NA,NA,NA,NA,NA,1,0,0,0
"LOXL1",NA,NA,NA,NA,NA,1,1,0,0
"LRFN4",NA,NA,NA,NA,NA,0,0,1,0
"LRIF1",NA,NA,NA,NA,NA,0,0,1,0
"LRP1",NA,NA,NA,NA,NA,0,0,1,0
"LRP2",NA,NA,NA,NA,NA,1,1,0,0
"LRP5",NA,NA,NA,NA,NA,1,0,0,0
"LRRK2",NA,NA,NA,NA,NA,0,0,0,1
"LRRN2",NA,NA,NA,NA,NA,0,1,0,0
"LRRN3",NA,NA,NA,NA,NA,1,0,0,0
"LTA4H",NA,NA,NA,NA,NA,0,0,1,0
"LTB",NA,NA,NA,NA,NA,1,0,0,0
"LTBP2",NA,NA,NA,NA,NA,1,0,1,0
"LURAP1L",NA,NA,NA,NA,NA,0,1,0,0
"LY6E",NA,NA,NA,NA,NA,0,0,1,0
"LYPD5",NA,NA,NA,NA,NA,0,0,1,1
"LYPD6",0,0,0,1,1,0,1,0,0
"LYRM7",NA,NA,NA,NA,NA,0,0,1,0
"LYVE1",0,0,0,1,1,0,1,0,0
"MAF",NA,NA,NA,NA,NA,0,0,1,0
"MAGED4B",NA,NA,NA,NA,NA,1,0,0,0
"MAN2A2",NA,NA,NA,NA,NA,0,0,1,0
"MAOA",NA,NA,NA,NA,NA,0,0,1,0
"MAP3K3",NA,NA,NA,NA,NA,0,0,1,0
"MAP7D2",NA,NA,NA,NA,NA,1,0,0,0
"MAPK14",NA,NA,NA,NA,NA,0,0,1,0
"MAPK1IP1L",NA,NA,NA,NA,NA,0,0,1,0
"MAPK3",NA,NA,NA,NA,NA,0,0,1,0
"MAPK4",NA,NA,NA,NA,NA,1,0,0,0
"MARCHF4",NA,NA,NA,NA,NA,1,0,0,0
"MASTL",NA,NA,NA,NA,NA,0,0,1,0
"MATN2",NA,NA,NA,NA,NA,1,1,0,0
"MAU2",NA,NA,NA,NA,NA,0,0,1,0
"MAVS",NA,NA,NA,NA,NA,0,0,1,0
"MAX",NA,NA,NA,NA,NA,0,0,1,0
"MAZ",NA,NA,NA,NA,NA,0,0,1,0
"MBNL3",0,0,0,1,1,1,0,1,0
"MCPH1",NA,NA,NA,NA,NA,0,0,1,0
"MDFIC",NA,NA,NA,NA,NA,0,0,1,0
"MED25",NA,NA,NA,NA,NA,0,0,1,0
"MED6",NA,NA,NA,NA,NA,0,0,1,0
"MEFV",NA,NA,NA,NA,NA,0,0,1,0
"MEOX2",0,0,0,1,1,1,1,0,0
"MERTK",NA,NA,NA,NA,NA,0,0,1,0
"MESD",NA,NA,NA,NA,NA,0,0,1,0
"METTL14",NA,NA,NA,NA,NA,0,0,1,0
"METTL21A",NA,NA,NA,NA,NA,0,0,1,0
"METTL27",NA,NA,NA,NA,NA,1,1,0,0
"METTL7A",NA,NA,NA,NA,NA,0,0,1,0
"MFN1",NA,NA,NA,NA,NA,0,0,1,0
"MFSD14A",NA,NA,NA,NA,NA,0,0,1,0
"MFSD3",NA,NA,NA,NA,NA,0,0,1,0
"MFSD4A",NA,NA,NA,NA,NA,0,0,0,1
"MFSD9",NA,NA,NA,NA,NA,0,0,1,0
"MGAT5",NA,NA,NA,NA,NA,0,0,1,0
"MIA3",NA,NA,NA,NA,NA,0,0,1,0
"MIER3",NA,NA,NA,NA,NA,0,0,1,0
"MINDY2",NA,NA,NA,NA,NA,0,0,1,0
"MMD",NA,NA,NA,NA,NA,0,0,1,0
"MMP1",NA,NA,NA,NA,NA,1,0,0,0
"MMP23B",NA,NA,NA,NA,NA,1,1,0,0
"MMP3",NA,NA,NA,NA,NA,1,0,0,0
"MMP7",NA,NA,NA,NA,NA,1,0,0,0
"MMRN1",NA,NA,NA,NA,NA,0,0,0,1
"MNDA",NA,NA,NA,NA,NA,0,0,1,0
"MOCOS",NA,NA,NA,NA,NA,0,0,1,0
"MOV10",NA,NA,NA,NA,NA,0,0,1,0
"MPDZ",NA,NA,NA,NA,NA,1,1,0,0
"MPI",NA,NA,NA,NA,NA,0,0,1,0
"MPND",NA,NA,NA,NA,NA,1,0,0,0
"MPP2",NA,NA,NA,NA,NA,1,1,0,0
"MRC1",NA,NA,NA,NA,NA,0,0,1,0
"MREG",NA,NA,NA,NA,NA,1,0,0,0
"MRO",NA,NA,NA,NA,NA,0,0,1,0
"MRPL10",NA,NA,NA,NA,NA,0,0,1,0
"MRPL17",NA,NA,NA,NA,NA,0,0,1,0
"MRPS18A",NA,NA,NA,NA,NA,0,0,1,0
"MT2A",NA,NA,NA,NA,NA,0,0,1,0
"MX1",NA,NA,NA,NA,NA,0,0,1,0
"MX2",NA,NA,NA,NA,NA,0,0,1,0
"MXRA5",NA,NA,NA,NA,NA,1,0,0,0
"MYC",NA,NA,NA,NA,NA,0,0,1,0
"MYG1",NA,NA,NA,NA,NA,0,0,1,0
"MYH10",NA,NA,NA,NA,NA,0,1,0,0
"MYL12A",NA,NA,NA,NA,NA,0,0,1,0
"MYL3",NA,NA,NA,NA,NA,1,0,0,0
"MYL4",NA,NA,NA,NA,NA,0,0,0,1
"MYO1G",NA,NA,NA,NA,NA,1,0,0,0
"NAA25",NA,NA,NA,NA,NA,0,1,0,0
"NADK",NA,NA,NA,NA,NA,0,0,1,0
"NALCN",NA,NA,NA,NA,NA,0,0,1,1
"NALF2",NA,NA,NA,NA,NA,0,0,1,0
"NAPA",NA,NA,NA,NA,NA,0,0,1,0
"NAV1",NA,NA,NA,NA,NA,0,0,1,0
"NCAPG2",NA,NA,NA,NA,NA,0,0,1,0
"NCOA2",NA,NA,NA,NA,NA,0,0,1,0
"NCOA7",NA,NA,NA,NA,NA,0,0,1,0
"NDUFA4L2",NA,NA,NA,NA,NA,1,1,0,0
"NEBL",NA,NA,NA,NA,NA,0,0,0,1
"NECTIN4",NA,NA,NA,NA,NA,0,0,1,0
"NEDD1",NA,NA,NA,NA,NA,0,0,1,0
"NEK8",NA,NA,NA,NA,NA,0,0,1,0
"NEURL1B",NA,NA,NA,NA,NA,1,0,0,0
"NEURL3",NA,NA,NA,NA,NA,0,0,1,0
"NFE2L3",0,0,0,1,1,0,0,1,0
"NFILZ",NA,NA,NA,NA,NA,1,0,0,0
"NHLRC3",NA,NA,NA,NA,NA,0,0,1,0
"NKAIN4",NA,NA,NA,NA,NA,1,1,0,0
"NKG7",NA,NA,NA,NA,NA,1,0,0,0
"NLRC3",NA,NA,NA,NA,NA,1,0,0,0
"NLRC5",NA,NA,NA,NA,NA,0,1,1,1
"NMI",NA,NA,NA,NA,NA,0,0,1,0
"NMT2",NA,NA,NA,NA,NA,0,0,1,0
"NOD2",NA,NA,NA,NA,NA,0,0,1,0
"NOSTRIN",NA,NA,NA,NA,NA,0,1,0,0
"NOTCH3",NA,NA,NA,NA,NA,1,0,0,0
"NPNT",NA,NA,NA,NA,NA,1,1,0,0
"NR2F1",NA,NA,NA,NA,NA,1,1,0,0
"NRP1",NA,NA,NA,NA,NA,0,0,1,0
"NSUN7",NA,NA,NA,NA,NA,0,0,1,0
"NT5C1A",NA,NA,NA,NA,NA,1,0,0,0
"NT5C3A",NA,NA,NA,NA,NA,0,0,1,0
"NT5DC2",NA,NA,NA,NA,NA,0,0,1,0
"NTHL1",NA,NA,NA,NA,NA,0,0,1,0
"NUAK1",NA,NA,NA,NA,NA,0,0,1,0
"NUB1",NA,NA,NA,NA,NA,1,1,1,1
"NUCKS1",NA,NA,NA,NA,NA,0,0,1,0
"NUDCD1",NA,NA,NA,NA,NA,1,0,1,0
"NUDT3",NA,NA,NA,NA,NA,0,0,1,0
"NUP160",NA,NA,NA,NA,NA,0,0,1,0
"NUPR1",NA,NA,NA,NA,NA,0,0,1,0
"NUS1",NA,NA,NA,NA,NA,0,0,1,0
"OAS1",NA,NA,NA,NA,NA,0,0,1,0
"OAS2",NA,NA,NA,NA,NA,0,0,1,0
"OASL",NA,NA,NA,NA,NA,0,0,1,0
"ODAD3",NA,NA,NA,NA,NA,1,0,0,0
"OGFR",NA,NA,NA,NA,NA,0,0,1,0
"OGN",NA,NA,NA,NA,NA,1,1,0,0
"OLFML1",NA,NA,NA,NA,NA,1,0,0,0
"OLFML2A",NA,NA,NA,NA,NA,1,1,0,0
"OLFML2B",NA,NA,NA,NA,NA,0,0,1,0
"OR51E1",0,0,0,1,1,0,1,0,0
"OR52K2",NA,NA,NA,NA,NA,0,0,1,0
"OR8G5",NA,NA,NA,NA,NA,0,0,1,0
"ORAI3",NA,NA,NA,NA,NA,0,0,1,0
"OSBPL9",NA,NA,NA,NA,NA,0,0,1,0
"OSR1",NA,NA,NA,NA,NA,1,0,0,0
"OTULINL",NA,NA,NA,NA,NA,0,0,1,0
"P2RX6",NA,NA,NA,NA,NA,0,1,0,0
"PABIR3",NA,NA,NA,NA,NA,0,0,1,0
"PABPC4L",0,0,0,1,1,1,0,0,0
"PACSIN1",NA,NA,NA,NA,NA,1,0,0,0
"PADI1",NA,NA,NA,NA,NA,0,0,0,1
"PAPOLG",NA,NA,NA,NA,NA,0,0,1,0
"PAPSS2",NA,NA,NA,NA,NA,0,0,1,0
"PAQR8",NA,NA,NA,NA,NA,0,0,1,0
"PARP10",NA,NA,NA,NA,NA,0,0,1,0
"PARP11",NA,NA,NA,NA,NA,0,0,1,0
"PARP14",NA,NA,NA,NA,NA,0,0,1,0
"PARP15",NA,NA,NA,NA,NA,0,0,1,0
"PARP9",NA,NA,NA,NA,NA,0,0,1,0
"PAX5",NA,NA,NA,NA,NA,0,0,1,0
"PC",NA,NA,NA,NA,NA,0,0,1,0
"PCCA",NA,NA,NA,NA,NA,0,0,1,0
"PCDH11X",NA,NA,NA,NA,NA,0,1,0,0
"PCDHA12",NA,NA,NA,NA,NA,1,1,0,0
"PCDHA6",NA,NA,NA,NA,NA,0,1,0,0
"PCDHB13",NA,NA,NA,NA,NA,1,0,0,0
"PCDHB14",NA,NA,NA,NA,NA,0,1,0,0
"PCDHB7",NA,NA,NA,NA,NA,1,0,0,0
"PCDHGA4",NA,NA,NA,NA,NA,0,1,0,0
"PCDHGA5",NA,NA,NA,NA,NA,1,0,0,0
"PCDHGA6",NA,NA,NA,NA,NA,1,1,0,0
"PCDHGA7",NA,NA,NA,NA,NA,1,0,0,0
"PCDHGA8",NA,NA,NA,NA,NA,1,0,0,0
"PCDHGB1",NA,NA,NA,NA,NA,1,1,0,0
"PCDHGC3",NA,NA,NA,NA,NA,0,0,1,0
"PCGF5",NA,NA,NA,NA,NA,0,0,1,0
"PCM1",NA,NA,NA,NA,NA,0,0,1,0
"PCSK6",NA,NA,NA,NA,NA,0,0,1,0
"PCYOX1",NA,NA,NA,NA,NA,0,0,1,0
"PCYT2",NA,NA,NA,NA,NA,0,0,1,0
"PDCD1LG2",NA,NA,NA,NA,NA,0,0,0,1
"PDE1A",NA,NA,NA,NA,NA,0,0,0,1
"PDE2A",NA,NA,NA,NA,NA,0,0,1,0
"PDE3A",NA,NA,NA,NA,NA,1,1,0,0
"PDE3B",NA,NA,NA,NA,NA,0,0,1,0
"PDGFC",NA,NA,NA,NA,NA,0,0,1,0
"PDIA2",NA,NA,NA,NA,NA,0,0,1,1
"PDK1",NA,NA,NA,NA,NA,0,0,1,0
"PDLIM3",NA,NA,NA,NA,NA,1,0,0,0
"PDZRN4",NA,NA,NA,NA,NA,1,1,0,1
"PEAK3",NA,NA,NA,NA,NA,1,0,0,0
"PEAR1",NA,NA,NA,NA,NA,1,0,0,0
"PEG10",0,0,0,1,1,1,1,0,0
"PEG3",0,0,0,1,1,1,1,0,0
"PFDN5",NA,NA,NA,NA,NA,0,0,1,0
"PFKFB3",NA,NA,NA,NA,NA,1,0,0,0
"PFKP",NA,NA,NA,NA,NA,0,0,1,0
"PGA4",NA,NA,NA,NA,NA,0,0,1,0
"PHACTR4",NA,NA,NA,NA,NA,0,0,1,0
"PHETA1",NA,NA,NA,NA,NA,0,0,1,0
"PHEX",NA,NA,NA,NA,NA,1,1,0,0
"PHF11",NA,NA,NA,NA,NA,0,0,1,0
"PHF20L1",NA,NA,NA,NA,NA,0,0,1,0
"PHLDA1",NA,NA,NA,NA,NA,0,0,1,0
"PHOSPHO2-KLHL23",NA,NA,NA,NA,NA,1,0,0,0
"PI16",NA,NA,NA,NA,NA,1,0,0,0
"PI4K2B",NA,NA,NA,NA,NA,0,0,1,0
"PI4KA",NA,NA,NA,NA,NA,0,0,1,0
"PID1",NA,NA,NA,NA,NA,0,1,0,0
"PIGB",NA,NA,NA,NA,NA,0,0,1,0
"PIGX",NA,NA,NA,NA,NA,0,0,1,0
"PIK3R2",NA,NA,NA,NA,NA,0,0,1,0
"PITPNC1",NA,NA,NA,NA,NA,0,0,1,0
"PITX1",NA,NA,NA,NA,NA,1,1,0,0
"PITX2",0,0,0,1,1,1,1,0,1
"PKD2L1",NA,NA,NA,NA,NA,0,0,1,0
"PKNOX2",NA,NA,NA,NA,NA,1,0,0,1
"PKP1",NA,NA,NA,NA,NA,1,0,0,0
"PLA2G2A",0,1,0,0,1,1,1,0,0
"PLA2G4A",NA,NA,NA,NA,NA,0,0,0,1
"PLA2G5",NA,NA,NA,NA,NA,1,1,0,0
"PLAA",NA,NA,NA,NA,NA,0,0,1,0
"PLAAT4",NA,NA,NA,NA,NA,0,0,1,1
"PLB1",NA,NA,NA,NA,NA,0,0,1,0
"PLCB2",NA,NA,NA,NA,NA,0,0,1,0
"PLCE1",NA,NA,NA,NA,NA,1,1,0,0
"PLEKHA3",NA,NA,NA,NA,NA,0,0,1,0
"PLEKHG1",NA,NA,NA,NA,NA,1,1,0,0
"PLEKHN1",NA,NA,NA,NA,NA,0,0,1,0
"PLGLB2",NA,NA,NA,NA,NA,1,0,0,0
"PLIN1",NA,NA,NA,NA,NA,1,1,0,0
"PLSCR1",NA,NA,NA,NA,NA,0,0,1,0
"PLXDC2",NA,NA,NA,NA,NA,0,0,1,0
"PLXNB2",NA,NA,NA,NA,NA,0,0,1,0
"PLXNC1",NA,NA,NA,NA,NA,1,0,0,0
"PLXND1",NA,NA,NA,NA,NA,0,0,1,0
"PMFBP1",NA,NA,NA,NA,NA,0,0,1,0
"PML",NA,NA,NA,NA,NA,0,0,1,0
"PNMA2",NA,NA,NA,NA,NA,0,1,0,0
"PNPT1",NA,NA,NA,NA,NA,0,0,1,0
"PODNL1",NA,NA,NA,NA,NA,1,1,0,0
"POLB",NA,NA,NA,NA,NA,0,1,0,1
"POLD2",NA,NA,NA,NA,NA,0,0,1,0
"POLD4",NA,NA,NA,NA,NA,0,0,1,0
"PPARA",NA,NA,NA,NA,NA,0,0,1,0
"PPARG",NA,NA,NA,NA,NA,0,0,1,0
"PPFIA4",NA,NA,NA,NA,NA,1,0,0,0
"PPIP5K2",NA,NA,NA,NA,NA,0,0,1,0
"PPL",NA,NA,NA,NA,NA,0,1,0,0
"PPM1F",NA,NA,NA,NA,NA,0,0,1,0
"PPM1K",NA,NA,NA,NA,NA,0,0,1,0
"PPP1R14B",NA,NA,NA,NA,NA,0,0,1,0
"PPP1R1A",NA,NA,NA,NA,NA,1,0,0,0
"PPP2R1B",NA,NA,NA,NA,NA,0,0,1,0
"PPP2R2A",NA,NA,NA,NA,NA,0,0,1,0
"PPP2R5A",NA,NA,NA,NA,NA,0,0,1,0
"PPP3CA",NA,NA,NA,NA,NA,0,0,1,0
"PPT1",NA,NA,NA,NA,NA,0,0,1,0
"PRAM1",NA,NA,NA,NA,NA,0,0,1,0
"PRCD",NA,NA,NA,NA,NA,1,0,0,0
"PRDM6",NA,NA,NA,NA,NA,1,1,0,0
"PRELP",NA,NA,NA,NA,NA,1,1,0,0
"PREX2",NA,NA,NA,NA,NA,0,0,1,1
"PRIMA1",NA,NA,NA,NA,NA,0,0,0,1
"PRKAR2A",NA,NA,NA,NA,NA,0,0,1,0
"PRKCQ",NA,NA,NA,NA,NA,1,0,1,0
"PRKD2",NA,NA,NA,NA,NA,0,0,1,0
"PRKRIP1",NA,NA,NA,NA,NA,0,0,1,0
"PRL",NA,NA,NA,NA,NA,1,1,0,0
"PROK2",NA,NA,NA,NA,NA,1,0,0,0
"PROS1",NA,NA,NA,NA,NA,0,0,1,0
"PROX1",NA,NA,NA,NA,NA,0,0,1,0
"PRPF3",NA,NA,NA,NA,NA,0,1,1,0
"PRR5",NA,NA,NA,NA,NA,0,0,1,0
"PRR9",NA,NA,NA,NA,NA,1,0,0,0
"PRRT2",NA,NA,NA,NA,NA,1,0,0,0
"PRSS12",NA,NA,NA,NA,NA,1,1,0,0
"PRSS3",NA,NA,NA,NA,NA,1,0,0,0
"PRSS35",NA,NA,NA,NA,NA,1,0,0,0
"PRUNE2",NA,NA,NA,NA,NA,0,1,0,0
"PRXL2B",NA,NA,NA,NA,NA,0,0,1,0
"PSMA2",NA,NA,NA,NA,NA,0,1,1,0
"PSMB8",NA,NA,NA,NA,NA,0,0,1,1
"PSMB9",NA,NA,NA,NA,NA,0,0,1,1
"PTCH1",NA,NA,NA,NA,NA,1,0,0,0
"PTH1R",NA,NA,NA,NA,NA,0,1,0,0
"PTPA",NA,NA,NA,NA,NA,0,0,1,0
"PTPRD",NA,NA,NA,NA,NA,1,1,0,0
"PTPRG",NA,NA,NA,NA,NA,0,0,1,0
"PTPRT",NA,NA,NA,NA,NA,1,0,0,0
"PTTG1IP",NA,NA,NA,NA,NA,0,0,1,0
"PXK",NA,NA,NA,NA,NA,0,0,1,0
"PYGL",NA,NA,NA,NA,NA,0,0,1,0
"RAB11FIP4",NA,NA,NA,NA,NA,0,0,1,0
"RAB24",NA,NA,NA,NA,NA,0,0,1,0
"RAB3GAP1",NA,NA,NA,NA,NA,0,0,1,0
"RAB43",NA,NA,NA,NA,NA,1,0,1,0
"RAB4A",NA,NA,NA,NA,NA,0,0,1,0
"RAB8A",NA,NA,NA,NA,NA,0,0,1,0
"RAB9A",NA,NA,NA,NA,NA,0,0,1,0
"RABGAP1L",NA,NA,NA,NA,NA,0,0,1,0
"RAD9A",NA,NA,NA,NA,NA,0,0,1,0
"RANBP3L",NA,NA,NA,NA,NA,1,1,0,0
"RAPH1",NA,NA,NA,NA,NA,0,0,1,0
"RARB",NA,NA,NA,NA,NA,0,0,0,1
"RASA3",NA,NA,NA,NA,NA,0,0,1,0
"RBBP7",NA,NA,NA,NA,NA,0,0,1,0
"RBCK1",NA,NA,NA,NA,NA,0,0,1,0
"RBM22",NA,NA,NA,NA,NA,0,0,1,0
"RBM43",NA,NA,NA,NA,NA,0,0,1,0
"RBMXL1",NA,NA,NA,NA,NA,0,0,1,0
"RDH12",NA,NA,NA,NA,NA,0,0,1,0
"RELA",NA,NA,NA,NA,NA,0,0,1,0
"REN",NA,NA,NA,NA,NA,0,0,0,1
"RETSAT",NA,NA,NA,NA,NA,0,0,1,0
"RFLNB",NA,NA,NA,NA,NA,0,0,1,0
"RFX5",NA,NA,NA,NA,NA,0,0,1,1
"RGL2",NA,NA,NA,NA,NA,0,0,1,0
"RGMA",NA,NA,NA,NA,NA,0,0,0,1
"RGN",NA,NA,NA,NA,NA,0,0,0,1
"RHCG",NA,NA,NA,NA,NA,1,0,0,0
"RHEBL1",NA,NA,NA,NA,NA,0,0,1,0
"RHOH",NA,NA,NA,NA,NA,1,0,0,0
"RHPN1",NA,NA,NA,NA,NA,0,0,1,0
"RICTOR",NA,NA,NA,NA,NA,0,0,1,0
"RIPK1",NA,NA,NA,NA,NA,0,0,1,0
"RIPK4",NA,NA,NA,NA,NA,0,0,0,1
"RMDN3",NA,NA,NA,NA,NA,0,1,0,0
"RNF114",NA,NA,NA,NA,NA,0,0,1,0
"RNF125",NA,NA,NA,NA,NA,0,0,1,0
"RNF138",NA,NA,NA,NA,NA,0,0,1,0
"RNF149",NA,NA,NA,NA,NA,0,0,1,0
"RNF19B",NA,NA,NA,NA,NA,0,0,1,1
"RNF39",NA,NA,NA,NA,NA,1,1,0,0
"ROBO2",NA,NA,NA,NA,NA,1,0,0,0
"RPL10",NA,NA,NA,NA,NA,0,0,1,0
"RPL10A",NA,NA,NA,NA,NA,0,0,1,0
"RPL17",NA,NA,NA,NA,NA,0,0,1,0
"RPL18A",NA,NA,NA,NA,NA,0,0,1,0
"RPL19",NA,NA,NA,NA,NA,0,0,1,0
"RPL21",NA,NA,NA,NA,NA,0,0,1,0
"RPL36A",NA,NA,NA,NA,NA,0,0,1,0
"RPL41",NA,NA,NA,NA,NA,0,0,1,0
"RPL6",NA,NA,NA,NA,NA,0,0,1,0
"RPL7",NA,NA,NA,NA,NA,0,0,1,0
"RPL7A",NA,NA,NA,NA,NA,0,0,1,0
"RPL8",NA,NA,NA,NA,NA,0,0,1,0
"RPLP0",NA,NA,NA,NA,NA,0,0,1,0
"RPS11",NA,NA,NA,NA,NA,0,0,1,0
"RPS18",NA,NA,NA,NA,NA,0,0,1,0
"RPS25",NA,NA,NA,NA,NA,0,0,1,0
"RPS4Y1",NA,NA,NA,NA,NA,0,0,1,1
"RPS6",NA,NA,NA,NA,NA,0,0,1,0
"RPS6KC1",NA,NA,NA,NA,NA,0,0,1,0
"RSPO2",0,0,0,1,1,1,1,0,0
"RTCB",NA,NA,NA,NA,NA,0,0,1,0
"RTL1",0,0,0,1,1,1,0,0,0
"RTP4",NA,NA,NA,NA,NA,0,0,1,1
"RUBCN",NA,NA,NA,NA,NA,0,0,1,0
"RUNX3",NA,NA,NA,NA,NA,1,0,0,0
"RXRA",NA,NA,NA,NA,NA,0,0,1,0
"RYR2",NA,NA,NA,NA,NA,1,0,0,0
"S100A12",NA,NA,NA,NA,NA,1,0,0,0
"S100A4",NA,NA,NA,NA,NA,0,0,1,0
"S1PR1",NA,NA,NA,NA,NA,0,0,0,1
"S1PR4",NA,NA,NA,NA,NA,1,0,0,0
"SAMD1",NA,NA,NA,NA,NA,0,0,1,0
"SAMD3",NA,NA,NA,NA,NA,1,0,0,0
"SAMD9",NA,NA,NA,NA,NA,0,0,1,0
"SAMD9L",NA,NA,NA,NA,NA,0,0,1,1
"SAV1",NA,NA,NA,NA,NA,0,0,1,0
"SAXO2",NA,NA,NA,NA,NA,1,0,0,0
"SBK1",NA,NA,NA,NA,NA,1,0,1,0
"SBSPON",NA,NA,NA,NA,NA,1,1,0,0
"SCAF1",NA,NA,NA,NA,NA,0,0,1,0
"SCAF4",NA,NA,NA,NA,NA,0,0,1,0
"SCAPER",NA,NA,NA,NA,NA,0,0,1,0
"SCARB2",NA,NA,NA,NA,NA,0,0,1,0
"SCD",NA,NA,NA,NA,NA,0,0,1,0
"SCGN",NA,NA,NA,NA,NA,1,0,0,0
"SCLT1",NA,NA,NA,NA,NA,0,0,1,0
"SCN7A",NA,NA,NA,NA,NA,1,1,0,0
"SCO2",NA,NA,NA,NA,NA,0,0,0,1
"SCRG1",NA,NA,NA,NA,NA,1,0,0,0
"SCUBE3",NA,NA,NA,NA,NA,1,0,0,0
"SDC1",NA,NA,NA,NA,NA,0,0,1,0
"SDC2",NA,NA,NA,NA,NA,0,0,1,0
"SDS",NA,NA,NA,NA,NA,1,0,1,0
"SECTM1",NA,NA,NA,NA,NA,0,0,1,1
"SEL1L",NA,NA,NA,NA,NA,0,0,1,0
"SELE",NA,NA,NA,NA,NA,0,0,1,1
"SELENOP",NA,NA,NA,NA,NA,0,0,1,0
"SELL",NA,NA,NA,NA,NA,1,0,1,0
"SEMA3F",NA,NA,NA,NA,NA,1,0,0,0
"SEMA3G",NA,NA,NA,NA,NA,1,1,0,0
"SEMA4A",NA,NA,NA,NA,NA,0,0,1,0
"SEMA4D",NA,NA,NA,NA,NA,0,0,1,0
"SEMA4G",NA,NA,NA,NA,NA,1,0,0,0
"SEMA5B",NA,NA,NA,NA,NA,0,1,0,0
"SEMA6D",0,0,0,1,1,1,1,0,0
"SENP1",NA,NA,NA,NA,NA,0,0,1,0
"SEPTIN9",NA,NA,NA,NA,NA,0,0,1,0
"SERINC5",NA,NA,NA,NA,NA,0,0,1,0
"SERPINA3",NA,NA,NA,NA,NA,0,1,0,0
"SERPINB7",NA,NA,NA,NA,NA,1,0,0,0
"SERPINF2",NA,NA,NA,NA,NA,0,0,1,0
"SETD7",NA,NA,NA,NA,NA,0,0,1,0
"SEZ6L2",NA,NA,NA,NA,NA,1,1,0,0
"SF3B1",NA,NA,NA,NA,NA,0,0,1,0
"SFRP1",NA,NA,NA,NA,NA,0,1,0,0
"SFRP4",NA,NA,NA,NA,NA,1,0,0,0
"SFTPB",NA,NA,NA,NA,NA,0,1,0,0
"SFTPD",NA,NA,NA,NA,NA,1,0,0,0
"SFXN2",NA,NA,NA,NA,NA,0,0,1,0
"SGCA",NA,NA,NA,NA,NA,1,0,0,0
"SGCD",NA,NA,NA,NA,NA,1,1,0,0
"SGPP1",NA,NA,NA,NA,NA,0,0,1,0
"SH2D1A",NA,NA,NA,NA,NA,1,0,0,0
"SH2D1B",NA,NA,NA,NA,NA,1,0,0,0
"SH3BP5",NA,NA,NA,NA,NA,0,0,1,0
"SH3GL3",NA,NA,NA,NA,NA,1,0,0,0
"SH3RF3",NA,NA,NA,NA,NA,0,0,1,0
"SHE",NA,NA,NA,NA,NA,0,0,1,0
"SHFL",NA,NA,NA,NA,NA,0,0,1,0
"SKAP1",NA,NA,NA,NA,NA,1,0,0,0
"SLAMF1",NA,NA,NA,NA,NA,1,0,0,0
"SLC12A3",NA,NA,NA,NA,NA,1,0,0,0
"SLC13A4",NA,NA,NA,NA,NA,0,1,0,0
"SLC16A12",NA,NA,NA,NA,NA,1,0,0,0
"SLC18A3",NA,NA,NA,NA,NA,1,0,0,0
"SLC1A1",NA,NA,NA,NA,NA,0,1,0,0
"SLC1A4",NA,NA,NA,NA,NA,0,0,1,0
"SLC1A5",NA,NA,NA,NA,NA,0,0,1,0
"SLC22A1",NA,NA,NA,NA,NA,1,0,0,0
"SLC22A11",0,1,0,0,1,1,1,0,0
"SLC25A15",NA,NA,NA,NA,NA,0,0,1,0
"SLC25A22",NA,NA,NA,NA,NA,1,0,0,1
"SLC25A28",NA,NA,NA,NA,NA,0,0,1,0
"SLC25A29",NA,NA,NA,NA,NA,0,0,1,1
"SLC25A3",NA,NA,NA,NA,NA,0,0,1,0
"SLC26A2",NA,NA,NA,NA,NA,0,0,1,0
"SLC27A1",NA,NA,NA,NA,NA,0,0,1,0
"SLC27A3",NA,NA,NA,NA,NA,0,0,0,1
"SLC33A1",NA,NA,NA,NA,NA,0,0,1,0
"SLC35E1",NA,NA,NA,NA,NA,0,0,1,0
"SLC38A4",NA,NA,NA,NA,NA,1,1,0,0
"SLC38A5",NA,NA,NA,NA,NA,0,0,1,0
"SLC39A12",NA,NA,NA,NA,NA,0,0,1,0
"SLC39A2",NA,NA,NA,NA,NA,0,1,0,0
"SLC40A1",NA,NA,NA,NA,NA,0,1,0,0
"SLC46A1",NA,NA,NA,NA,NA,0,0,1,0
"SLC46A2",NA,NA,NA,NA,NA,0,0,1,0
"SLC4A7",NA,NA,NA,NA,NA,0,0,1,0
"SLC52A1",0,1,0,0,1,1,0,0,0
"SLC5A12",NA,NA,NA,NA,NA,1,1,0,0
"SLC5A3",NA,NA,NA,NA,NA,0,0,0,1
"SLC6A4",0,1,0,0,1,1,1,0,1
"SLC7A6",NA,NA,NA,NA,NA,0,0,1,0
"SLFN12",NA,NA,NA,NA,NA,0,0,1,0
"SLFN12L",NA,NA,NA,NA,NA,0,0,1,0
"SLFN13",NA,NA,NA,NA,NA,1,0,0,0
"SLIT3",NA,NA,NA,NA,NA,1,1,0,0
"SMARCA5",NA,NA,NA,NA,NA,0,0,1,0
"SMIM10L2B",NA,NA,NA,NA,NA,0,1,0,0
"SMYD2",NA,NA,NA,NA,NA,0,0,1,0
"SNIP1",NA,NA,NA,NA,NA,0,0,1,0
"SNX18",NA,NA,NA,NA,NA,0,0,1,0
"SNX5",NA,NA,NA,NA,NA,0,0,1,0
"SORBS2",NA,NA,NA,NA,NA,1,1,0,0
"SORT1",NA,NA,NA,NA,NA,0,0,1,0
"SOWAHD",NA,NA,NA,NA,NA,0,0,1,0
"SOX11",NA,NA,NA,NA,NA,1,0,0,0
"SOX6",NA,NA,NA,NA,NA,1,1,0,0
"SP100",NA,NA,NA,NA,NA,0,0,1,0
"SP110",NA,NA,NA,NA,NA,0,0,1,0
"SP140",NA,NA,NA,NA,NA,0,0,1,0
"SP140L",NA,NA,NA,NA,NA,0,0,1,1
"SPAG1",NA,NA,NA,NA,NA,0,0,1,0
"SPARC",0,0,0,1,1,0,1,0,0
"SPATS2L",NA,NA,NA,NA,NA,0,0,1,0
"SPCS3",NA,NA,NA,NA,NA,0,0,1,0
"SPDYE10P",NA,NA,NA,NA,NA,0,1,0,0
"SPEG",NA,NA,NA,NA,NA,1,1,0,0
"SPN",NA,NA,NA,NA,NA,1,0,0,0
"SPON1",NA,NA,NA,NA,NA,1,1,0,0
"SPRY2",NA,NA,NA,NA,NA,0,0,1,0
"SPTLC3",NA,NA,NA,NA,NA,0,0,1,0
"SRBD1",NA,NA,NA,NA,NA,0,0,1,0
"SRGAP2",NA,NA,NA,NA,NA,0,0,1,0
"SRGAP2B",NA,NA,NA,NA,NA,0,0,1,0
"SRGAP2C",NA,NA,NA,NA,NA,0,0,1,0
"SRSF4",NA,NA,NA,NA,NA,0,0,1,0
"SSB",NA,NA,NA,NA,NA,0,0,1,0
"SSBP4",NA,NA,NA,NA,NA,0,0,1,0
"SSR3",NA,NA,NA,NA,NA,0,0,1,0
"ST6GALNAC4",NA,NA,NA,NA,NA,0,0,1,0
"ST6GALNAC6",NA,NA,NA,NA,NA,0,0,1,0
"STAC2",NA,NA,NA,NA,NA,1,1,0,0
"STAP1",NA,NA,NA,NA,NA,0,0,1,0
"STAP2",NA,NA,NA,NA,NA,0,0,1,0
"STAT1",NA,NA,NA,NA,NA,0,1,1,1
"STAT2",NA,NA,NA,NA,NA,0,0,1,1
"STAU1",NA,NA,NA,NA,NA,0,0,1,0
"STIMATE",NA,NA,NA,NA,NA,0,0,1,0
"STIMATE-MUSTN1",NA,NA,NA,NA,NA,0,0,1,0
"STK24",NA,NA,NA,NA,NA,0,0,1,0
"STOML1",NA,NA,NA,NA,NA,0,0,1,0
"STON1-GTF2A1L",NA,NA,NA,NA,NA,0,1,0,0
"STRIP2",NA,NA,NA,NA,NA,1,0,0,0
"STX11",NA,NA,NA,NA,NA,0,0,1,0
"STX17",NA,NA,NA,NA,NA,0,0,1,0
"SUCNR1",NA,NA,NA,NA,NA,0,0,0,1
"SULT1C4",NA,NA,NA,NA,NA,0,0,0,1
"SUMF1",NA,NA,NA,NA,NA,0,0,1,0
"SUSD2",NA,NA,NA,NA,NA,1,1,0,0
"SUSD3",NA,NA,NA,NA,NA,0,0,1,0
"SVEP1",0,0,0,1,1,1,1,0,0
"SWAP70",NA,NA,NA,NA,NA,0,0,1,0
"SYCE1",NA,NA,NA,NA,NA,1,1,0,0
"SYT1",NA,NA,NA,NA,NA,0,0,1,0
"SYT12",NA,NA,NA,NA,NA,0,1,0,0
"SYT17",NA,NA,NA,NA,NA,0,1,0,0
"SYTL3",NA,NA,NA,NA,NA,0,0,1,0
"TAF3",NA,NA,NA,NA,NA,0,0,1,0
"TAFA4",NA,NA,NA,NA,NA,1,0,0,0
"TAGAP",NA,NA,NA,NA,NA,0,0,1,1
"TAP1",NA,NA,NA,NA,NA,1,1,1,1
"TAP2",NA,NA,NA,NA,NA,0,0,1,1
"TAPBP",NA,NA,NA,NA,NA,0,0,1,1
"TAPBPL",NA,NA,NA,NA,NA,0,0,0,1
"TARP",NA,NA,NA,NA,NA,1,0,0,0
"TBC1D10C",NA,NA,NA,NA,NA,1,0,0,0
"TBC1D22B",NA,NA,NA,NA,NA,0,0,1,0
"TBC1D2B",NA,NA,NA,NA,NA,0,0,1,0
"TBC1D3I",NA,NA,NA,NA,NA,1,0,0,0
"TBL1XR1",NA,NA,NA,NA,NA,0,0,1,0
"TBX1",NA,NA,NA,NA,NA,0,0,1,0
"TBX20",NA,NA,NA,NA,NA,1,1,0,0
"TBX4",0,0,0,1,1,1,1,0,0
"TBX5",0,0,0,1,1,1,1,0,0
"TBXAS1",NA,NA,NA,NA,NA,0,0,1,0
"TCF21",0,0,0,1,1,1,1,0,0
"TCHH",NA,NA,NA,NA,NA,1,0,1,0
"TCN1",NA,NA,NA,NA,NA,1,0,0,0
"TCN2",NA,NA,NA,NA,NA,0,0,1,0
"TDRD7",NA,NA,NA,NA,NA,0,0,1,0
"TECPR1",NA,NA,NA,NA,NA,0,0,1,0
"TECR",NA,NA,NA,NA,NA,0,0,1,0
"TENT4A",NA,NA,NA,NA,NA,0,0,1,0
"TENT5A",NA,NA,NA,NA,NA,0,0,1,0
"TESPA1",NA,NA,NA,NA,NA,1,0,0,0
"TET1",NA,NA,NA,NA,NA,1,0,0,0
"TEX2",NA,NA,NA,NA,NA,0,0,1,0
"TFAP2A",NA,NA,NA,NA,NA,1,0,0,0
"TFAP4",NA,NA,NA,NA,NA,0,0,1,0
"TFRC",NA,NA,NA,NA,NA,0,0,1,0
"TGFBR1",NA,NA,NA,NA,NA,0,0,1,0
"TGFBR2",NA,NA,NA,NA,NA,0,0,1,0
"TGOLN2",NA,NA,NA,NA,NA,0,0,1,0
"THAP3",NA,NA,NA,NA,NA,0,0,1,0
"THAP6",NA,NA,NA,NA,NA,0,0,1,0
"THEMIS",NA,NA,NA,NA,NA,1,0,0,0
"TIFAB",NA,NA,NA,NA,NA,1,0,0,0
"TIMD4",NA,NA,NA,NA,NA,0,0,1,0
"TIMP2",NA,NA,NA,NA,NA,0,0,1,0
"TIMP4",NA,NA,NA,NA,NA,0,0,1,0
"TKTL1",NA,NA,NA,NA,NA,1,0,0,0
"TLCD3A",NA,NA,NA,NA,NA,0,0,1,0
"TLE1",NA,NA,NA,NA,NA,0,0,1,0
"TLE3",NA,NA,NA,NA,NA,0,0,1,0
"TLE4",NA,NA,NA,NA,NA,0,0,1,0
"TLK2",NA,NA,NA,NA,NA,0,0,1,0
"TLR3",NA,NA,NA,NA,NA,0,0,1,0
"TLR5",NA,NA,NA,NA,NA,0,0,1,0
"TM6SF1",NA,NA,NA,NA,NA,0,0,1,0
"TMC8",NA,NA,NA,NA,NA,0,0,1,0
"TMCO3",NA,NA,NA,NA,NA,0,0,1,0
"TMCO4",NA,NA,NA,NA,NA,0,0,1,0
"TMEM100",NA,NA,NA,NA,NA,1,0,0,0
"TMEM106A",NA,NA,NA,NA,NA,0,0,1,0
"TMEM119",NA,NA,NA,NA,NA,0,0,1,1
"TMEM130",NA,NA,NA,NA,NA,1,1,0,0
"TMEM134",NA,NA,NA,NA,NA,0,0,1,0
"TMEM140",NA,NA,NA,NA,NA,0,0,1,0
"TMEM151A",NA,NA,NA,NA,NA,1,0,0,0
"TMEM167A",NA,NA,NA,NA,NA,0,0,1,0
"TMEM171",NA,NA,NA,NA,NA,0,0,1,0
"TMEM179",NA,NA,NA,NA,NA,1,1,0,0
"TMEM181",NA,NA,NA,NA,NA,0,0,1,0
"TMEM219",NA,NA,NA,NA,NA,0,0,1,0
"TMEM229B",NA,NA,NA,NA,NA,0,0,1,0
"TMEM256",NA,NA,NA,NA,NA,0,0,1,0
"TMEM268",NA,NA,NA,NA,NA,0,0,1,0
"TMEM37",NA,NA,NA,NA,NA,0,0,1,0
"TMEM41A",NA,NA,NA,NA,NA,0,1,0,0
"TMEM50A",NA,NA,NA,NA,NA,0,0,1,0
"TMEM59L",NA,NA,NA,NA,NA,1,1,0,0
"TMEM62",NA,NA,NA,NA,NA,0,0,1,0
"TMEM63A",NA,NA,NA,NA,NA,0,0,1,0
"TMEM63B",NA,NA,NA,NA,NA,0,0,1,0
"TMEM71",NA,NA,NA,NA,NA,1,0,0,0
"TMEM88B",NA,NA,NA,NA,NA,1,1,0,0
"TMIGD2",NA,NA,NA,NA,NA,1,0,0,0
"TMPRSS13",NA,NA,NA,NA,NA,0,0,1,0
"TMSB10",NA,NA,NA,NA,NA,0,0,1,0
"TNF",NA,NA,NA,NA,NA,0,0,1,0
"TNFAIP8L1",NA,NA,NA,NA,NA,0,0,1,0
"TNFRSF6B",NA,NA,NA,NA,NA,1,0,0,0
"TNFSF13B",NA,NA,NA,NA,NA,0,0,1,0
"TNK2",NA,NA,NA,NA,NA,0,0,1,0
"TNKS2",NA,NA,NA,NA,NA,0,0,1,0
"TNNC1",NA,NA,NA,NA,NA,1,1,0,0
"TNNT2",NA,NA,NA,NA,NA,1,0,0,0
"TNNT3",NA,NA,NA,NA,NA,0,0,0,1
"TOP1",NA,NA,NA,NA,NA,0,0,1,0
"TOR1B",NA,NA,NA,NA,NA,0,0,1,0
"TOX4",NA,NA,NA,NA,NA,0,0,1,0
"TPCN1",NA,NA,NA,NA,NA,0,0,1,0
"TPH1",NA,NA,NA,NA,NA,1,0,0,0
"TPSB2",NA,NA,NA,NA,NA,1,0,0,0
"TPSD1",NA,NA,NA,NA,NA,1,0,0,0
"TPST2",NA,NA,NA,NA,NA,0,0,1,0
"TRADD",NA,NA,NA,NA,NA,0,0,1,0
"TRAF3IP3",NA,NA,NA,NA,NA,1,0,0,0
"TRAFD1",NA,NA,NA,NA,NA,0,0,1,1
"TRAK1",NA,NA,NA,NA,NA,0,0,1,0
"TRANK1",NA,NA,NA,NA,NA,0,0,1,0
"TREX1",NA,NA,NA,NA,NA,0,0,1,0
"TRIM21",NA,NA,NA,NA,NA,0,0,1,0
"TRIM22",NA,NA,NA,NA,NA,0,0,1,0
"TRIM26",NA,NA,NA,NA,NA,0,0,1,1
"TRIM35",NA,NA,NA,NA,NA,0,0,1,0
"TRIM38",NA,NA,NA,NA,NA,0,0,1,0
"TRIM5",NA,NA,NA,NA,NA,0,0,1,0
"TRIM56",NA,NA,NA,NA,NA,0,0,1,0
"TRIM8",NA,NA,NA,NA,NA,0,0,1,0
"TRIP4",NA,NA,NA,NA,NA,0,0,1,0
"TRO",NA,NA,NA,NA,NA,0,0,0,1
"TSPAN18",NA,NA,NA,NA,NA,0,0,0,1
"TTC21A",NA,NA,NA,NA,NA,0,0,1,0
"TTC3",NA,NA,NA,NA,NA,0,0,1,0
"TTC39A",NA,NA,NA,NA,NA,0,0,1,0
"TTYH3",NA,NA,NA,NA,NA,0,0,1,0
"TUBA1A",NA,NA,NA,NA,NA,0,0,1,0
"TUBA3E",NA,NA,NA,NA,NA,0,0,0,1
"TXNL4B",NA,NA,NA,NA,NA,0,0,1,0
"UBA6",NA,NA,NA,NA,NA,0,0,1,0
"UBA7",NA,NA,NA,NA,NA,0,0,1,0
"UBASH3B",0,0,0,1,1,0,0,1,0
"UBE2L6",NA,NA,NA,NA,NA,0,0,1,1
"UBE2R2",NA,NA,NA,NA,NA,0,0,1,0
"UBE2Z",NA,NA,NA,NA,NA,0,0,1,0
"UBE4B",NA,NA,NA,NA,NA,0,0,1,0
"UBOX5",NA,NA,NA,NA,NA,0,0,1,0
"UBP1",NA,NA,NA,NA,NA,0,0,1,0
"USP15",NA,NA,NA,NA,NA,0,0,1,0
"USP18",NA,NA,NA,NA,NA,0,0,1,0
"USP25",NA,NA,NA,NA,NA,0,0,1,0
"USP33",NA,NA,NA,NA,NA,0,0,1,0
"USP42",NA,NA,NA,NA,NA,0,0,1,0
"USP9Y",NA,NA,NA,NA,NA,0,0,1,1
"USPL1",NA,NA,NA,NA,NA,0,0,1,0
"UTP14C",NA,NA,NA,NA,NA,0,0,1,0
"UTY",NA,NA,NA,NA,NA,0,0,0,1
"VASH1",NA,NA,NA,NA,NA,0,0,1,0
"VASH2",NA,NA,NA,NA,NA,0,0,0,1
"VAT1L",NA,NA,NA,NA,NA,1,1,0,0
"VEZF1",NA,NA,NA,NA,NA,0,0,1,0
"VGF",NA,NA,NA,NA,NA,1,0,0,0
"VGLL1",0,0,1,0,1,0,0,0,1
"VKORC1",NA,NA,NA,NA,NA,0,0,1,0
"VMO1",NA,NA,NA,NA,NA,1,0,0,0
"VPS54",NA,NA,NA,NA,NA,0,0,1,0
"VPS9D1",NA,NA,NA,NA,NA,1,0,0,1
"VSIG4",NA,NA,NA,NA,NA,0,0,1,0
"VTN",NA,NA,NA,NA,NA,1,0,0,0
"WARS1",0,0,0,1,1,0,1,1,1
"WASHC2A",NA,NA,NA,NA,NA,0,0,1,0
"WBP4",NA,NA,NA,NA,NA,0,0,1,0
"WDR91",NA,NA,NA,NA,NA,0,0,1,0
"WFDC1",0,0,0,1,1,1,1,0,0
"WNT1",NA,NA,NA,NA,NA,1,0,0,0
"WNT3A",0,0,1,0,1,1,0,0,0
"XAB2",NA,NA,NA,NA,NA,0,0,1,0
"XAF1",NA,NA,NA,NA,NA,0,0,1,0
"XAGE2",0,0,1,0,1,0,0,0,1
"XAGE3",0,0,1,0,1,0,0,0,1
"XRN1",NA,NA,NA,NA,NA,0,0,1,1
"YEATS2",NA,NA,NA,NA,NA,0,0,1,0
"YPEL3",NA,NA,NA,NA,NA,0,0,1,0
"ZADH2",NA,NA,NA,NA,NA,0,0,1,0
"ZAP70",NA,NA,NA,NA,NA,1,0,0,0
"ZBED1",NA,NA,NA,NA,NA,0,0,1,0
"ZBP1",NA,NA,NA,NA,NA,0,0,1,1
"ZBTB42",NA,NA,NA,NA,NA,0,0,1,0
"ZC3H3",NA,NA,NA,NA,NA,0,0,1,0
"ZC3HAV1",NA,NA,NA,NA,NA,0,0,1,0
"ZC3HC1",NA,NA,NA,NA,NA,0,0,1,0
"ZDHHC13",NA,NA,NA,NA,NA,0,0,1,0
"ZDHHC20",NA,NA,NA,NA,NA,0,0,1,0
"ZDHHC7",NA,NA,NA,NA,NA,0,0,1,0
"ZFAND4",NA,NA,NA,NA,NA,0,0,1,0
"ZFP36L1",NA,NA,NA,NA,NA,0,0,1,0
"ZFY",NA,NA,NA,NA,NA,0,0,1,1
"ZFYVE21",NA,NA,NA,NA,NA,0,0,1,0
"ZMIZ1",NA,NA,NA,NA,NA,0,0,1,0
"ZNF107",NA,NA,NA,NA,NA,0,0,1,0
"ZNF273",NA,NA,NA,NA,NA,0,0,1,0
"ZNF277",NA,NA,NA,NA,NA,0,0,1,0
"ZNF331",NA,NA,NA,NA,NA,0,0,1,0
"ZNF350",NA,NA,NA,NA,NA,0,0,1,0
"ZNF385B",NA,NA,NA,NA,NA,0,0,1,0
"ZNF423",NA,NA,NA,NA,NA,1,1,0,0
"ZNF620",NA,NA,NA,NA,NA,0,0,1,0
"ZNF660-ZNF197",NA,NA,NA,NA,NA,0,1,0,1
"ZNF664",NA,NA,NA,NA,NA,0,0,1,1
"ZNF680",NA,NA,NA,NA,NA,0,0,1,0
"ZNF683",NA,NA,NA,NA,NA,1,0,0,0
"ZNF75A",NA,NA,NA,NA,NA,0,0,1,0
"ZNF784",NA,NA,NA,NA,NA,0,0,1,0
"ZNFX1",NA,NA,NA,NA,NA,0,0,1,1
"ZNHIT1",NA,NA,NA,NA,NA,0,0,1,0
"ZP4",NA,NA,NA,NA,NA,1,0,0,0
